CustomerID,churn_prob,revenue_at_risk
12346,0.9999999962127795,77183.59970768869
13135,0.8387382860394991,2596.733733578289
15098,0.8149024344367285,32528.053024193672
18251,0.8045112132002359,3471.240621819322
17553,0.8006137544351156,1190.993021097678
16754,0.7986454836806453,1599.2077165221242
14566,0.7947764645885361,1138.1198972907837
14439,0.7805274627811111,2077.1709050516038
14935,0.7781519585234883,1388.7755818964547
12798,0.7769170130794564,1248.5367166992096
16671,0.7722658791959331,1067.951039022472
17846,0.7703707426116722,1566.2407568037906
15749,0.7657515654761375,34102.20994238395
15171,0.7651260943003818,986.6300986003423
12818,0.7615292152098027,1174.3389721907324
15372,0.7606410001268212,1526.910743654581
17317,0.7606001690772645,1542.4515068785477
14887,0.7576970019539756,1410.8318176383025
12770,0.7564435763657126,1022.2956712794423
18133,0.755965091668956,704.1814828896325
18080,0.7520007789786884,632.8086555105663
16902,0.7496540116092024,1279.5694393355154
16152,0.7495180419566566,1370.8984794604032
12917,0.7493279659977028,445.10081180263546
12752,0.7490125145089149,3270.7728681072394
13328,0.7461854310582198,976.3687128310594
16281,0.7449283424827196,1536.0869378999166
14055,0.744047985010875,539.9109798432914
15341,0.7437558756597354,1502.7736218880086
14567,0.7436779073650079,595.5075211016037
15497,0.7426701225899739,720.8356209858287
16276,0.7421676751743955,601.6011174963651
14603,0.7420927314453993,489.78120275396356
14937,0.7410741501997967,562.8902815257576
13270,0.7405945095892207,436.9507606576402
14411,0.740083851585768,786.7091342356713
15442,0.739064206488667,439.0041386542682
17291,0.7387903244422314,406.9257107027811
17443,0.7380074877271312,394.2731202433426
16377,0.7376460663126834,498.7962700406365
13805,0.7365731436668108,368.46334938788544
15389,0.7364216211336886,368.2108105668443
14459,0.7362857668408856,1353.2343365922006
13075,0.7357635391576434,676.6155082447605
17958,0.7353910584891631,373.91693759939983
17584,0.735251111649188,551.033945625484
15333,0.7350256653929597,756.0179983965826
15802,0.7341705490479581,331.41926925122925
17414,0.7340074712406454,438.9364678019059
18233,0.7336359302531388,322.79980931138107
15222,0.7334343693313586,429.0591060588448
14301,0.7334139786117436,469.48762426852153
14607,0.7327115994048474,362.69224170539945
12688,0.7311461108111391,3563.4672263324373
17941,0.7309332064604005,222.61301735957957
18194,0.7308662490480837,711.7467879729859
14212,0.730165180992674,781.6272229490377
17948,0.7297990419404558,261.67674447816984
16429,0.7296401082956201,207.6190928155187
14687,0.7291480754846318,458.1820676730329
16319,0.7284463734594728,294.5837134270108
17715,0.7282672455584408,237.70642895027507
14655,0.7282654131414981,590.3028132759727
13169,0.7279277979050486,367.74912350163055
16256,0.7272711034499082,547.2205963688144
15247,0.727243109744701,258.89854706911353
14196,0.7258993441872589,243.5537479617091
15782,0.725719742958104,1188.9756836779802
18220,0.7254943217402016,221.47890654084873
16545,0.7253488394496361,246.11086122526154
12873,0.7252257372060487,271.2344257150622
15221,0.7248473864125713,292.2947085708694
15510,0.7246433775991763,181.1608443997941
16066,0.7246374287776107,229.26078971666047
16582,0.7244562603301098,227.20397236472903
13525,0.7244269704543698,204.92590140213213
17925,0.7243574706240898,176.80117142992785
15118,0.7243389481683256,177.31817451160612
14885,0.7243281813147943,554.3428437238383
17331,0.7242389672251337,126.88666705784341
17053,0.7241810442061625,360.98976691588786
18167,0.7241810442061625,360.98976691588786
17640,0.7240236562245166,450.09654612853296
15793,0.7237822912432298,221.94060178682398
13572,0.7236599460728528,1001.7262803513464
15063,0.723293063038022,268.1970677744985
17018,0.7231471865056764,292.87461053479893
16976,0.7229286771984099,181.83102088894404
16323,0.7226044345967794,149.94042017883174
17923,0.7226044345967794,149.94042017883174
16586,0.7224002822256352,335.15761093858345
13645,0.7221741673663328,182.0601075930525
15973,0.7220546267623494,222.26285520998644
18246,0.7220346194871604,168.16186287855967
15361,0.7220162177978925,302.4670339598931
17190,0.722005435381576,140.79105989940732
14423,0.7217951119013399,191.42006367623534
13228,0.7215244127815402,258.3057397757914
13216,0.7215024957734636,240.79424293943575
16990,0.7212312505130763,129.10039384184066
14705,0.7212312505130763,129.10039384184066
16144,0.7210513815205001,126.32820204239161
16041,0.7208121133359597,1974.8810281178626
16500,0.7205600040724705,118.89240067195763
15316,0.7205561378225429,118.89176274071959
13068,0.7205561378225429,118.89176274071959
14520,0.7205561378225429,118.89176274071959
12497,0.7204600999981983,751.5119303081206
14816,0.7203251406583387,195.8203894879694
15374,0.7201764578906026,120.98964492562123
17183,0.7201507187463565,237.41208744911137
12791,0.7200909331521808,138.68951372511003
17384,0.7199873624856954,163.90512306986855
14199,0.7197456887345054,133.44085069137728
14124,0.7197214498709517,301.9807259368539
15945,0.7195319882821817,130.23528987907488
17347,0.7194518899245604,164.72570471712737
14853,0.7193518913108412,154.30098068617545
15944,0.7192974393021344,233.84359751712392
12814,0.7191747033501029,90.55847864584496
15562,0.7190867070974667,96.75311643996415
17513,0.7189854914443815,368.9833542092566
13099,0.7187994813037532,149.05026044314627
16227,0.7187690787167041,225.8516199143628
14306,0.7186865953500052,1223.8801506853379
14987,0.71866979561585,117.2869106445067
17525,0.7186127695581208,303.75761769221765
14185,0.7185369800943278,142.0188341156439
16073,0.7184977622521805,87.9441260996669
12736,0.7184874112439705,168.1260542310891
14434,0.7183121229006757,223.25140779752996
17181,0.7182915335507102,111.70869929780646
17212,0.7181417006491272,162.9104447922545
14000,0.7180806854715668,456.45516852685614
14079,0.717767923164933,269.2347479791664
15070,0.7177122784902085,76.22104397566014
18068,0.717494901079733,72.96923143980885
16344,0.7174652807064343,72.53573987942052
15691,0.71738845769262,98.13874101235044
13703,0.7173878567359154,71.38009174522358
16565,0.7173730825347735,124.60770443629015
17747,0.7173364343640697,51.21782141359458
15257,0.717105757257895,227.4300909143414
16917,0.7170933376794996,280.75638356827767
17394,0.7170218593259732,146.17924646078615
14597,0.7169521690326114,118.36880310728414
17679,0.7168942079646892,1178.0005625275774
16836,0.7168584504454116,65.463513694675
15405,0.7168428232997701,250.24982961394977
17060,0.7166887689193249,167.87717723166267
13841,0.7166792165482064,60.91773340659755
13762,0.716589473752249,219.79232338928983
14148,0.7165718050306789,112.64508775082271
14332,0.7165256370805928,85.29521183807377
13329,0.7164706218748327,217.95036317432408
17752,0.7164633672330083,57.77560593366979
15014,0.7164610735769928,84.34896219221936
13747,0.7164199806372176,57.027030458722514
16078,0.7164001884937676,56.7388949287064
15753,0.716395144574756,56.73849545032067
16858,0.7163285863354272,269.1174866003567
17423,0.7162835174549534,321.9121384146052
13989,0.7162811485539282,642.2678174738508
13106,0.7162686193596569,54.79454938101375
16148,0.7162577234965735,54.66478945725849
14090,0.7162577234965735,54.66478945725849
18113,0.7162577234965735,54.66478945725849
17080,0.7162577234965735,54.66478945725849
15668,0.7162577234965735,54.66478945725849
13893,0.7162545741185123,588.1166308087105
12358,0.7162043997355791,347.2588652557929
12881,0.7161747430725812,213.4200734356292
13147,0.7161370223012431,85.07707824938768
12864,0.7160730130318911,105.34866167725183
14768,0.7160455145696843,95.37726254068197
15313,0.7160342712291582,37.233782103916226
13185,0.7160203849539675,51.12385548571328
12590,0.7159229390275567,7062.050010531966
13043,0.7159216744251897,369.71627110665645
13302,0.7156477088124248,45.62254143679208
14618,0.7156003867319959,151.56416190983674
15703,0.7155867799881492,151.34660396749356
13391,0.7154550626910892,42.78421274892713
17142,0.7153483577085691,414.1866991132615
12995,0.7153048378129198,151.1582183266262
16679,0.7152332478126239,92.80151390368795
12764,0.7152267968622847,1211.5083666690869
12817,0.7151860481448691,118.74949143397406
13484,0.7151283138660677,224.40726489117205
15347,0.7151011068474328,144.16438314044245
14960,0.7150279277590837,63.136966021127094
14351,0.7150251896767722,36.46628467351538
13207,0.7149041409584845,141.20786592211988
17123,0.7148401143831469,246.8342914965006
15049,0.7148128939957397,86.61387836546379
15160,0.7147999733659287,113.05276378755528
13967,0.714655764914465,57.67272022859733
18074,0.7146151096421535,349.87555768079835
14248,0.7145778881179773,216.21697738673757
13255,0.7144599929017589,161.25362039792697
17995,0.7144272926971752,54.36791697425503
12968,0.7144115710074259,97.12425307845955
17079,0.7143192977321359,84.86113257057775
13144,0.7143149717517945,79.2532461158616
15940,0.7142826261568221,25.57131801641423
14576,0.7142627443358665,25.284901149489677
16765,0.7141945766544554,24.282615606251483
16861,0.7141723834877778,50.56340475093467
17597,0.7141260238955007,1459.937819471245
14538,0.7140969226030357,76.0513222572233
17866,0.7140777763875701,235.3957389861625
13120,0.7140278997022448,21.84925373088869
12781,0.7138842592986094,392.1080682623542
13948,0.7138762864028876,72.81538121309454
17102,0.7137786467774648,18.201355492825353
18268,0.7137786467774648,18.201355492825353
17427,0.7137716806478864,71.94818540930694
18147,0.7137324328080201,70.57386295605703
16093,0.7136770041353306,12.132509070300621
15216,0.7136441431856514,68.93802423173392
13976,0.7136425022093059,255.46974294088736
13307,0.7135425727090392,10.703138590635588
17658,0.7134861053547833,226.6031870606792
15488,0.7134816788581143,65.15514691332301
14495,0.7134467532564468,28.965938182211737
15204,0.7134344639379772,225.8590825934848
15947,0.7134041564444458,1218.66551620466
14117,0.7132872131827593,64.19584918644834
15823,0.7132642924654506,10.69896438698176
17763,0.713263856131187,10.698957841967806
13108,0.71324873083968,249.6798507177384
14782,0.7132065117325052,142.7126229976743
13723,0.713197072786473,142.53243499637665
17956,0.7131539932965038,9.092713414530422
12355,0.713134729425971,327.61409469829107
14821,0.7130950177340821,34.79903686542321
17436,0.7130510044228445,87.27744294135617
14819,0.7130293025678639,60.407842513549426
13325,0.713005345113605,481.49250955521745
16257,0.7130050115514788,33.47558529234193
16468,0.7129833084777738,53.40244980498526
17540,0.7129253142896703,191.6343244810634
15219,0.7129119682342041,217.9728342876079
13786,0.7128654288883792,164.24419481588257
17235,0.7128554073181518,243.72526376207608
16738,0.7127124636770569,2.672671738788963
14784,0.7126719640880951,81.72922084162275
16617,0.7126672633880669,108.21852394547794
13132,0.7126663983452626,55.089112592088796
13130,0.7126510450449721,45.609666882878216
17536,0.7126276910149817,54.5160183626461
17163,0.7126256576287869,87.72421845410368
14457,0.7126196505947183,80.98209709358379
16659,0.7126180733260519,27.87761902851515
16162,0.7125363460182818,26.648859341083735
12734,0.7124605986137569,78.65565008695876
14912,0.7124471706676554,343.9623695266373
13877,0.7124436868088742,83.5268978414724
13751,0.7124414949095026,211.06079286694015
15922,0.7123819039084484,263.2251134941717
18252,0.7123031692513538,49.789991530669624
17408,0.7123031494653472,23.256697830043585
17578,0.7122534617274441,102.17988161941912
13299,0.7122105983106753,101.49001025927123
18210,0.7122044137867468,101.41790852323275
15603,0.7121750670000099,34.52624724816048
17879,0.7121501922167766,127.13305231453896
17464,0.7121298522996796,206.48917197281514
15101,0.7120639036490369,72.8298960652235
17919,0.7120514717755613,928.5436012542029
12769,0.7119857958521321,814.2269561364982
14371,0.7119764290636174,71.55363112089354
12665,0.7119634063082286,44.853694597418404
13283,0.7119507809530123,18.154744914301816
15042,0.7118877480259367,96.76690158916558
13194,0.7118507884928664,43.209342861516994
13682,0.7117924292293505,42.35164953914635
16424,0.7117689253358377,95.06385766785448
18191,0.711755305558603,147.90275249507772
13514,0.7116838154385697,108.31827670975032
17805,0.7116806612151351,364.6011195471258
16387,0.711674171512362,67.15357482390648
17775,0.7116375225167534,40.13635626994489
16623,0.7115687509934085,92.11257481609672
13551,0.7115495329325175,65.32024712320512
13892,0.7115423447917437,38.793288638045865
17462,0.7115062280103321,329.719101122268
14029,0.7114961762940115,117.53916832377071
14962,0.7114332636985401,90.13859451060503
12353,0.7114114605802712,63.315619991644134
16414,0.7113642558919526,36.13730419931119
13011,0.7113520728133705,35.95884728071589
16160,0.7113515801682015,570.4612862000876
14924,0.7112928449650784,220.53634658142255
13062,0.711266599828457,246.79528480847802
13669,0.7112339524982733,34.24591481279186
15969,0.7112271944118407,219.55583491493522
13058,0.7112045772788905,33.817777649611244
15863,0.7111500873762175,6.542580803861201
17556,0.7111338432670091,112.28803385186075
14259,0.7111025381902943,85.33230458283532
12884,0.7109813934226656,219.72879963727482
15909,0.7109765171798273,136.46483270749607
12427,0.7109697700947486,215.7793252237562
13960,0.7109469804090196,91.0723081903954
17122,0.7109166527190567,98.33399140409992
18165,0.7109115724087177,215.02231419074076
15350,0.7108889917667242,82.21431189782166
15178,0.7108565747506992,28.789691277403318
16446,0.710839831525981,2.0614355114253446
14589,0.7108206243283541,28.255119817052076
17492,0.7107990206799158,266.24398917607607
14373,0.7107985942156231,54.41163238720595
15445,0.7107827971550421,80.67384747709728
17430,0.7107383738206609,80.02914089220641
12855,0.710738334120818,27.079130530003166
18270,0.7107071030490618,79.56366018634247
13792,0.7107020758122479,53.0183748555937
14865,0.7106913545323258,26.437718388602523
13227,0.7105470887947691,183.107984782412
17524,0.710498763186702,103.02232066207179
17862,0.7104842013990226,235.09922224293655
16812,0.7104603177719321,340.55915332397564
12756,0.7104524166986861,79.62750686358874
13573,0.7104271349581097,22.57027007761915
15705,0.7104062069865529,101.65912821977571
14012,0.7103782692349876,233.57237492446393
12976,0.7103715358483357,524.6804163775807
14406,0.7103338903982638,111.34483731992785
16519,0.7103010847464771,73.65822248820967
17548,0.7102800005366285,73.37192405543372
14542,0.7102790911417729,73.33631616038805
13072,0.7102487401534625,125.82056431818589
17718,0.710220434681146,98.9692175728177
12509,0.7102172384462929,125.3533425857707
15212,0.710206894412714,72.29906185121429
14840,0.710122613029699,44.63120622891658
16386,0.7100364688163638,43.383228244679835
16302,0.7100209334354081,165.59108209580586
13922,0.710006042799607,122.29854087223231
14340,0.7099920173799784,95.63592474108309
13778,0.7099901501988606,126.87523984053638
17174,0.709976653771927,42.52760156093842
13513,0.7099472261467566,145.61017608269978
15744,0.7099220063269195,24.705285820176798
15709,0.7099179410292318,94.59656564214514
16620,0.7099083923068358,67.98082764730259
12548,0.70988071190287,67.58064377315323
16825,0.7098720833068757,226.23623294990128
14795,0.7098332475220394,93.30758038677209
18269,0.7098265732254722,119.6767602458146
18227,0.7098102542197512,66.54471133310167
15899,0.709796574175065,39.926057297347405
15970,0.7096546448396617,222.9025239441377
14760,0.7095848261136164,63.294966489334584
16450,0.7095436224718933,221.32084672143296
15083,0.7095355144740296,62.581032376609414
13296,0.7094943986096081,62.00981043847975
13918,0.7094484473323175,140.61268226126535
13218,0.7094428922149651,44.43950276834541
16178,0.7094338661537202,140.39696211182124
15729,0.7093778279476621,60.29711537555128
17496,0.7093690050639506,192.27446882258383
12401,0.7093439196082376,59.79769242297443
16596,0.7092986257199744,85.5768791931149
16878,0.7092666613737408,9.433246596270754
14421,0.7092627428448981,322.8422152881407
14727,0.709247625257268,190.48972719159704
15714,0.7092429819659842,93.9605102508536
15266,0.709233067039942,84.61150489786509
14155,0.709205602868476,84.21816534063153
15683,0.709173422705354,137.40235064916234
13070,0.7091200290230968,162.24666264048454
14557,0.7091194357393017,559.0555807481506
13049,0.7090943619487212,109.04453098047436
14066,0.7090348695043158,108.16326934288338
17040,0.7089938426303305,318.85580084613855
15717,0.7089226067788793,106.55106779886557
14644,0.70892091434588,132.9226714398525
13323,0.7088704682857208,85.27711733477221
18050,0.7088533243366627,52.73868733064771
17574,0.7088289725068416,131.59409874589514
18032,0.7088087260516582,52.09744136479688
17746,0.7087851328342852,78.14356089497994
14326,0.7087388867006724,130.3016443199186
14059,0.7087255171126149,130.1220049418761
13059,0.7087193455770993,129.97912797884
14523,0.7087134280258581,170.86372036275415
17844,0.708689037514576,36.54000677425154
12641,0.7086404972881827,131.73626844587315
15523,0.7086205845222714,291.9587670290211
13404,0.7085768716225008,154.3351284080969
12384,0.7085561669340943,207.38730449994006
14393,0.7085352699275853,48.14497159157943
14386,0.7085323944937825,100.89501297591463
16157,0.7085033314748177,119.2552807538413
12831,0.7084388178381492,152.34976777609398
16509,0.7084268191380895,257.65483412052316
13917,0.7084070516949396,46.315653039815146
16557,0.7083353985236535,71.64812556066755
18282,0.7083219213552384,70.98093973900845
17709,0.7082888185145854,97.35429810482975
14437,0.7082883291933499,44.622164739181045
15396,0.7082459141837147,204.10230754946292
16213,0.7082164996176147,112.60642343920074
15256,0.7082000086452023,69.72229085112016
14693,0.7081996162780825,122.44771365448047
16555,0.7081679684673863,107.62736784767336
16096,0.7081338512183829,227.04187537763792
17325,0.7081180806696507,68.54583020882218
16457,0.7081073255361615,147.54124234871463
16752,0.7080681697468978,146.9241452224813
16641,0.7080312792449043,163.62602863349738
15397,0.7079809646101707,66.55021067335605
13165,0.7079607769705722,251.07120994484373
13874,0.7079547531365356,382.61414633264064
12821,0.7079155318800969,65.63792811592259
14314,0.7078200420113504,84.93840504136205
14353,0.7078107024493885,64.12764964191459
16189,0.707767386070868,102.25823193951899
14890,0.707702787383579,88.92285523474669
14551,0.7076912784265486,88.765717053042
14327,0.7076899711792682,220.55157951801894
15180,0.7076581458165372,61.920087758947005
13417,0.707634397248561,167.0017177506604
17157,0.7076299663333995,114.25393436419067
16140,0.7076257932665967,87.84466597611531
17521,0.707535184854018,112.89431409530711
17628,0.7074975572760952,53.592939963664215
13002,0.7074688363732475,85.56835575934429
14150,0.7074137647052123,216.5959464774419
17140,0.707362303288587,321.2273691694131
14368,0.7073121970954305,109.63339054979173
17698,0.7073074275852697,109.59728590433753
13962,0.7073043732491416,83.17899429409906
14772,0.7072988653754033,98.49843999217866
15186,0.7072964743254325,162.15478970384868
15226,0.7072815172798468,109.21133908318114
13712,0.7072680048948758,161.8512102401434
16351,0.7072554478549884,108.84661342488272
15663,0.7072212758183216,97.69554704154294
14143,0.7072150547454833,81.89550333952697
13973,0.7072094090579979,187.19833057765203
18138,0.7071955051446047,107.95339386032391
14240,0.7071802147876957,160.42383172458875
15801,0.7071597702654705,97.03646367582786
13390,0.707146715780357,384.7443851217767
17978,0.7071432492964207,212.7935465782789
16298,0.7071398071378292,80.82607995585387
12672,0.7071331049071349,159.7413683985218
16105,0.7070906011535845,238.2612489647118
16852,0.7070782178862017,79.94226331421397
16610,0.7070695467694889,53.496881908579525
13807,0.7070559858273912,79.61450400416425
15414,0.7069613767683243,25.592001839013342
16963,0.7069542503338891,78.15379237441145
14238,0.7069046477071637,103.80894751579697
17639,0.7068518913194145,76.69343020815647
12974,0.7068063380503122,102.34555774968521
15395,0.7068010298323462,75.9457706554856
13308,0.7067802708907874,575.9905817624473
16757,0.7067676628656481,75.5039894239372
15847,0.7067258890548461,127.69123363442961
16287,0.706681076865794,100.70205345337564
15822,0.7066767056715013,311.07908583659486
15775,0.7066723128271557,74.12992561556864
12373,0.7066193215891744,257.633404651413
14870,0.7066168661724213,231.24036945492486
18127,0.7065478454551242,98.63407922553533
14241,0.706524469354163,150.98427910098465
18255,0.7064987412482375,72.98131997094295
18086,0.7064938937601991,71.59609119365858
16124,0.7064321213353716,175.90159821250754
12492,0.7064181685571828,89.28419232394234
16739,0.7064035278950552,228.16833951010284
16114,0.7063558913989443,95.88781225740671
13930,0.7063379920158238,148.330978323323
14908,0.7063320913539779,196.21905497813506
17760,0.7063287391369037,121.86996065068136
14431,0.706326186718257,332.22758518479935
16055,0.706309508629834,95.21052176330163
14761,0.7063049509348197,68.86473271614493
17245,0.7062781694943933,121.09139215981372
14280,0.7062705163005367,94.66850000492394
17603,0.7062429726765467,278.76822617488654
17881,0.70623701349419,94.17670574945024
13080,0.7061939369336949,41.015743857109
17455,0.7061535959451578,93.00042858597728
12406,0.7061269065358549,1144.8082472212548
17187,0.7060397966636791,143.99681652955735
17371,0.7060391672684173,65.05444887211198
14288,0.7059994860861861,301.179380764367
16762,0.7059646024099838,221.77877984709644
13866,0.7059566677458463,102.83670779053742
13579,0.7059436240912138,116.2689148878229
16863,0.7059188597516223,115.94717271420396
13295,0.705905483396349,142.0281832593454
13396,0.7058973523342292,273.372867638477
12686,0.7058871801795973,62.9227832412093
16159,0.7058022571193822,245.76034592896886
16849,0.7058002181627656,87.9215331765357
15393,0.705774370861279,87.58659942388473
14237,0.705759831310209,113.62733284094365
12962,0.7057412313780118,120.35710959920613
16658,0.7057337432545185,86.97462651868686
14847,0.7057291625770413,218.35260290133658
18066,0.7057230253339046,224.41992205618166
13276,0.7057018739477978,96.94932344294845
17239,0.7056595158370033,269.91476480765374
15469,0.7056513885305251,214.7297175298388
13937,0.7056493905164384,112.09240568353623
13236,0.7056422438647704,309.9392427727231
14297,0.7056151153079855,164.12607582063742
17046,0.7055881494988675,453.0017037412629
12750,0.7055541000802084,194.64826513012787
15843,0.7055206982043981,83.92168705141316
12571,0.7055158431312536,175.21485964164683
18281,0.705475165455061,57.01650287207802
15447,0.7054676955359239,109.46742231630931
12929,0.7054655194613888,83.13911146852466
15412,0.705373264930146,134.3947681671407
12361,0.7053425702170849,133.94455408422442
13657,0.705324851084847,107.4491878142656
13826,0.7053230082393622,133.65871006135913
14632,0.705299276169425,80.79908507796932
13462,0.7052858286909014,106.85080304667156
15942,0.7052666556708928,237.98518028958605
12402,0.7052658611838248,159.1079782830709
16913,0.7052440444830613,80.00288440615847
13161,0.7052118040368291,79.51263090515249
14673,0.7052082609848573,263.38823339523435
16097,0.7051010906711569,130.47895682869756
16959,0.705080944462942,82.74124883272626
13589,0.7050629758624739,103.64425745178366
14699,0.7050294735672225,76.939866450391
13972,0.7050075858672825,102.86060677803653
12565,0.7050070499562172,102.8746287296112
12574,0.7049108648730125,153.98777843150958
18280,0.7048809722020134,127.30150357968364
17155,0.7048734562626418,101.00836628243657
15262,0.7047975726626998,126.12352562799015
14108,0.704757134725862,205.31689605968535
16125,0.7047300691900665,203.91364552014576
16338,0.704727535443433,151.37547461324942
16403,0.7047236092079726,125.08844063441514
14981,0.7046791552266116,71.96183533174158
15958,0.7046789427475921,73.53324767571124
15135,0.7046659997997112,97.98380727214986
17643,0.7046517745044627,71.55738770092819
16006,0.7046437678710747,71.45087806212699
13101,0.7046321224157451,71.30172446724924
14483,0.7045665493986066,96.59607392254897
16961,0.7045443024660857,164.9831393084833
16616,0.7044924397001063,148.01386158099237
17349,0.7044858959431851,69.21573927641793
16665,0.7044832684487476,95.38703454796044
14438,0.704307675673335,92.89818242131288
17670,0.7042728566795323,144.8689266189798
12551,0.7042501718974088,118.31402887876467
16611,0.7041887862247579,91.18540592824391
13473,0.7041855624726786,169.89180880215844
17415,0.7041767779535564,357.6091349159341
13817,0.704148698093735,90.6239374446637
12690,0.7041293752357415,273.9133682604558
18040,0.7040768424302017,168.2743653408182
17877,0.7040073469931919,167.27918571905235
16968,0.7040039054734387,178.33122929547676
13262,0.7040021334414576,141.00458730698952
12785,0.7039992752058617,219.61257390046856
15733,0.7039670946702041,114.25385946497414
13272,0.7039539558758211,99.22934962025575
12732,0.7039393954111133,166.31272155982964
12842,0.7039372904522373,218.73443426222371
16239,0.7039329104358808,244.89825954064293
13229,0.7038996228272913,113.29264429405254
13894,0.7038929297077103,113.2211777434852
14339,0.7038764041211915,217.86382460359115
15825,0.703874064680104,375.1226440306147
12515,0.703863167232992,270.072297267299
16829,0.7038498381651647,138.81326508293378
13699,0.7038335683238196,217.1889625133643
13369,0.703815224647849,216.9721574544389
18224,0.7037994654729273,111.8689250369218
17165,0.7037847220407346,111.67655969342377
17118,0.7036995917647108,110.49490989889489
16292,0.7036505060744419,212.67836546100006
17871,0.7036424875690058,109.69786381200801
15163,0.7036029257848051,109.05845349664479
16119,0.7035991187366915,217.74985526663127
13061,0.7035728838792501,174.9152546612204
17887,0.7035299171960515,78.33805627978033
17117,0.7035240126087021,81.74949026513117
13780,0.7035237640613979,81.80574328505936
16518,0.7035230010778692,134.16183630554966
13033,0.7035171612751728,134.0551950809842
17601,0.7035130986554198,81.61455457501525
17094,0.7035012535798613,212.4573785811181
17714,0.703501173022367,107.63567947242215
16181,0.7034775732562215,214.94053773270593
13338,0.7034386878208044,342.58870974248816
15252,0.7034309053922002,211.4161586156258
12651,0.7034136199946357,80.18915267938847
17217,0.7033908045085124,79.83485631171617
13519,0.7033905839703322,86.34119418235828
12981,0.7033466039456232,131.65241732654175
12489,0.7032877747229025,235.55217438794173
17531,0.7032368783414724,208.65038180391485
13482,0.7032203003837718,129.84259626285962
13686,0.7031757617632498,50.628654846953985
18278,0.7031157091622586,122.27182182331678
16598,0.7031043565837604,101.98528692247444
17829,0.7030592534186105,625.1884105099653
15690,0.7030181297767674,78.03501240522118
16581,0.7030031905034199,74.40585768288196
12622,0.7029950682178211,126.60941178602957
17733,0.7029749502122219,152.51041544854155
12797,0.7029658150793586,178.57440600460947
15895,0.7029475157642473,125.94710639948018
15263,0.7029167956656486,110.01350768963066
15388,0.7028780638559894,98.78248309432074
13934,0.7028444768227871,648.0928920782919
12902,0.7027858498181876,97.46234165278626
12944,0.7027486148373541,201.65371502757876
16050,0.7027382113880739,96.9075993504154
14355,0.7027088251752638,122.552419110566
16441,0.7026761782041289,148.2646736010712
16510,0.702670024771782,174.3324331458791
12441,0.7026650900268313,121.94752637415658
14889,0.7026456887214045,95.48954909723888
15348,0.7026218139392558,111.04235147495999
15236,0.7025864896208368,225.56539249276966
13416,0.7025323964028698,193.19640901078918
15925,0.7024840551723768,145.51957202895784
18287,0.7024464093388165,537.5681881388095
12589,0.7024255968581625,92.36896598684837
16282,0.7024024246509422,118.21432806875357
13034,0.7022800892495528,116.48017560293081
15124,0.702249359110153,63.729129339246384
17438,0.7022387853374767,272.7846561643429
16756,0.7022336438676322,168.11473434191115
17166,0.7022307386354528,89.59761994249743
16763,0.7022287849958027,429.6586820996818
14109,0.7021909112965748,101.25592940896608
16149,0.7021687284101626,114.93097746617542
13258,0.7020697894216649,139.6206190222865
16810,0.7020160307852216,217.3020421692575
13279,0.7019906546997694,96.69921268489324
14304,0.7019866931245697,269.17679747861627
18112,0.7019566472022504,138.0327551058505
16642,0.7019245872817778,216.00325324422147
13060,0.7019148829108665,215.85988394157877
15087,0.7018712137224514,215.43235033996925
14164,0.7018710792087363,894.022324563712
17176,0.7018427668543135,214.85512621711098
12738,0.701751864316525,109.01715212157215
13581,0.7017510090981497,82.80661907358166
13809,0.7017416464393276,108.80504228041775
15119,0.7017210734195434,186.93849395896635
17517,0.7016829996012616,108.01708095861821
15321,0.7016709654389872,813.5664342975425
15254,0.7016519883667265,210.74819122582997
17082,0.7016197771546536,446.8897008608851
17031,0.7015583910272003,158.5171184525959
16587,0.7015204384961705,157.9473267274128
14271,0.7014636584626104,78.7883981185204
13899,0.701461911567581,209.3863806029229
16471,0.7014573714552663,157.0913783374069
15244,0.7014290118062286,208.98375977754776
14348,0.7014271924663361,287.2835352184373
16824,0.7014049538747726,156.3431642186868
13355,0.7013894626827336,473.2274704720404
15143,0.7013697959090979,181.97039354861545
17711,0.701287075534642,154.6548387676546
16135,0.7012387643566687,362.9261224927938
12375,0.7011380865704608,161.47210133717715
16526,0.701053860318415,203.557998882055
14517,0.7010214198009971,176.9728574287617
14932,0.7009893689250303,254.83066528531623
15363,0.7009720710430194,228.51689516002432
12612,0.7009504982156353,493.49718876373583
12715,0.7008927938763126,240.65854970537072
13292,0.7008742923882814,174.91719715134337
16072,0.7008545559260935,409.5233341187349
15670,0.700773233168891,121.26880799987659
15174,0.7007678938932017,95.12924159600213
15315,0.7007660556678831,163.6569046406774
16253,0.7007533037823181,1191.5609177514539
17694,0.7006869050184675,198.37847654882853
15608,0.7006373572071178,200.15808020692944
14964,0.7005661617219091,144.46374820867487
14208,0.7005557515065478,106.30232973360357
17418,0.7004867551501739,117.25447794458762
12436,0.7004776908444807,356.55014941674915
14436,0.7004695671926681,62.38381965417902
13681,0.7004297981951225,142.50944674077962
13023,0.7004117626414226,235.61851695257454
16349,0.7003825366418124,37.47046571033696
13284,0.7003158338375965,140.89654260978605
17110,0.7002846791894113,114.35648811163085
13990,0.7002311982185354,217.9819720054301
17987,0.700177110386252,139.03416880939804
16761,0.7000796227468113,221.6592101540954
16583,0.700064594943902,163.43007968965392
13932,0.7000397668348723,215.19222432503975
13364,0.7000331354324442,94.47647195796267
12596,0.7000256491801483,188.97192399618103
16201,0.700021879462087,212.66664698058204
14806,0.699975359617973,135.3682347965198
15007,0.6999623726043939,109.83109588535544
13898,0.699910436213494,109.13703431877013
16926,0.6999066301332536,161.15350158818165
13008,0.6998616606373362,160.59725526644954
13663,0.6997259900319691,132.5770833313572
13500,0.6997191826293063,228.38834121020557
16315,0.6997096486672403,158.39327316880318
16619,0.6996992276753444,158.27896229243964
17789,0.6996860207222824,158.05907208116358
14173,0.6996799719201003,79.79150399776825
14636,0.6996749557631444,210.03542497053832
12977,0.6996647414212831,27.454844453371145
15609,0.6995875675805323,208.8128971714373
17678,0.6995665255001162,208.54777691683967
18215,0.699548222859835,209.40276503086304
14205,0.6995327990105978,155.92586089946226
12350,0.6995192061167202,233.91922252543122
13889,0.6994744463626089,291.6108966885717
15949,0.6994723394965691,165.80292335426674
13441,0.6994602161338486,207.48787851394482
12405,0.6994018135640894,1196.249867901883
13919,0.699348194726797,149.06606770601678
15103,0.6993072333652622,203.9739338279797
15554,0.6992477058305951,151.87660170640527
15888,0.6992009213607462,117.68250707422719
16202,0.6991985860054811,255.3962675102221
12694,0.6991808557423423,307.28998609875947
14886,0.6991761589488875,255.05946278455417
13618,0.6991084906394249,123.97989972999562
15111,0.6990863539016616,201.68641310062938
13512,0.6990821952464992,175.61643826787306
16198,0.6989672685118599,280.06290411460054
17006,0.6989671955757529,196.24202982984838
16134,0.6988335974992937,198.14028989897477
17278,0.6988200015238271,171.9376731749224
12837,0.6988148467382527,93.71107094759968
14851,0.6986868071969157,144.02031156750022
13065,0.6986758381524435,143.82940804206203
14383,0.69861981666046,169.12887141533076
15307,0.698483342813007,143.39863027951034
17535,0.6984602079821594,114.826858192267
12852,0.6983688188414291,217.57680551004725
16781,0.6983551437617984,217.36303849585977
13052,0.6983336526494867,243.1248611699188
14023,0.6983090877362335,190.7361442242748
15826,0.6982962972366275,502.77333401037174
13046,0.6982648813141497,138.06093233343367
15917,0.6982589445791109,85.95567607768854
15234,0.6982236192036206,137.55005298311326
12564,0.6981877014762256,319.00196080448745
13466,0.6981800182423208,214.96962761681058
18213,0.6981333895198455,162.3020503955737
18159,0.6981255907431417,370.1112819324766
14284,0.6980697884489705,175.98339366798547
18185,0.6979987551235162,212.36612124632978
14754,0.6979231204563369,159.314910706568
13247,0.6978455615922748,212.8917454749553
12639,0.6977788500338705,339.1902990014645
17506,0.6977580690735374,210.862488474023
15342,0.6977413974203236,283.3458040784192
15757,0.6977137616676665,182.35446874946132
18262,0.6977046748955462,104.29289480338625
14555,0.6976893580645595,130.00743498175
15028,0.697669467776106,129.74559092232244
13382,0.6976579837625098,155.57075379920207
15149,0.6976535735598984,363.33798110999516
13508,0.6976468096398496,77.41786646573411
13411,0.697507153833382,148.95265270111875
14747,0.6973310907052651,228.864063969468
12729,0.6972487034904398,315.8606351682041
16094,0.6972456055813131,175.77561716704903
18056,0.69723546630063,253.5496773202241
12418,0.6972071466602162,466.13875411408736
18010,0.6971069183461782,121.85428932691197
17939,0.6970477625954592,69.10531518371383
13379,0.6970381755510968,94.99933294585898
17672,0.6969630194317,820.9109228074335
14619,0.6969115865869215,274.8898062133453
14658,0.696854355280796,85.81064530927722
18193,0.6968251391353976,169.8580959156445
13224,0.6968194823244543,844.726385642643
17329,0.6968072215956673,169.57500544752162
13494,0.6967235786605267,220.3457989871782
13343,0.6967212689804585,246.24219809576346
13557,0.6966650714913591,167.67334940654032
13345,0.6966618976973875,271.3498091531324
16451,0.6966514860376989,185.9850472274845
13803,0.6966263704602881,193.01426846343202
14400,0.6965990615062677,400.3354806476521
15578,0.696577524368442,88.53500334722898
12561,0.6965743061266296,166.3767730183455
12834,0.6965291854909077,217.58178696364973
13887,0.6965242511595644,243.47005199282574
17309,0.6965163041701004,57.6367241700758
13812,0.6963971924198573,194.11375341511103
17172,0.6963487282853543,221.2717718999542
17169,0.6963420395303307,214.94686076222249
18108,0.696320350404874,188.70281495972083
14075,0.6962966328838625,214.40365919759893
17120,0.6962794711992879,214.07808621493305
16272,0.6962505173575755,286.6463379961138
13678,0.6962269745675098,161.94239428440278
17128,0.696209292521474,109.36751776219836
12623,0.6961569324491509,212.39748009023594
17732,0.6961036650852377,211.5946310759597
14046,0.6960870776397492,107.88653616338473
17697,0.6959892000862322,235.9055393692284
15651,0.6959874268609721,158.21186187403617
17004,0.6959814895873818,630.280836970333
15399,0.6959662122770254,212.38800900057984
16215,0.6958769213835799,168.6457718973106
17171,0.6958673755067437,156.5075314252217
14689,0.6958516810522954,78.49206962269893
17234,0.6958450634209576,104.30021655616733
18129,0.6958401493975578,78.31680881469514
16185,0.6957863927313607,233.08844156500584
13300,0.6957667132588524,258.7486829938346
18101,0.6957233997800527,76.68959035775521
13565,0.69571868689842,76.65428492246791
17906,0.6957186635428507,50.717890572273824
15121,0.6956549928661385,205.32257114444076
16850,0.6956510448095765,231.24136380515134
14888,0.6956310084797189,256.82696833071225
16947,0.6956279108781089,282.75883321373374
17376,0.6955007215130808,73.61875137215961
15607,0.6954385338637105,72.85414080756232
13561,0.695436444653322,98.65461403852025
16527,0.69542637274195,158.5989385675291
15346,0.6953754379300447,175.5266680423019
17456,0.6952422503828555,173.71322868066028
15630,0.6951408435860412,275.8735951855563
17489,0.6950355014767448,144.95660418798988
14350,0.6950321861078194,196.64545641548534
16463,0.6949918379164308,221.95954327537052
14957,0.6949867346365639,40.64977410889262
12642,0.6949720071602915,254.67249202388882
17226,0.6949644732304495,273.4615705714496
18160,0.6949514926991256,221.37679799930646
15319,0.6948315584744728,142.0930537080297
15840,0.6948283564508445,167.96780688842716
16193,0.6947401790296336,218.46104929586826
12945,0.6947195358616466,321.6204091271493
17693,0.6946244151978628,139.25135651471555
14389,0.6945731480533054,216.10948928530544
16018,0.6945643610322019,112.44997005111348
15308,0.6945396581254459,215.63372765820722
13127,0.694515540402249,179.9975926060509
14633,0.6944001420738156,239.49860900125904
17475,0.6943599101930917,134.96273574423125
12991,0.6943465713236652,210.7758451910118
12394,0.6943428178531623,264.60016102748307
13083,0.6942987829548556,133.57614285268465
13485,0.6942720200447653,315.3661223851342
17764,0.6942713825210065,160.14757980612058
17101,0.6942649515067232,160.0836125184202
13311,0.694202698348688,340.2356844876755
13273,0.6941775182296688,96.47679148355935
15623,0.6940615170431006,208.93333847548456
12866,0.6939287046567092,387.98941734765924
15215,0.6939142294951114,208.20202541771323
16560,0.6937498203971877,230.44981533953782
13621,0.6937378173762474,148.3558322459105
15210,0.6936964667671042,229.73839586392955
13706,0.6936782130443306,229.46181609293416
14206,0.6935406737297127,227.59230749114252
15279,0.693523245295045,201.47543799066352
15500,0.6934718954052116,281.563458972424
18205,0.6934612278131707,156.5558067911014
18261,0.6934297708594996,155.88301248921553
15147,0.6934065598870923,432.3389900896021
18072,0.6932219669612341,171.53084350488774
15120,0.693204695980405,248.73570901168893
17855,0.6931628961272516,144.85025040371175
13455,0.693157223028851,480.31636612561203
14418,0.6930859283661145,104.26784706339826
15820,0.6930642949130903,143.45044776111143
17637,0.6930448076916478,234.907537567084
14467,0.6930270023299133,91.27165620684957
15480,0.6929978036366243,627.5095111929634
15776,0.6929314391609647,167.4260943300723
12614,0.6929087587555159,218.68200426324086
12895,0.6928916608960848,185.55638678797152
13904,0.6927615297265178,139.32819885859726
17508,0.6927589433222164,268.31246633812765
18222,0.6927372564797823,306.8826046205436
17736,0.6927318390427296,213.00811318724894
18250,0.6927217184692014,241.94691460973795
15571,0.6927197583425079,140.17184310060645
17768,0.6926902946231965,267.2606963744679
14193,0.6926581404500328,292.67577066575683
14311,0.6926334732096547,214.89646139802747
16909,0.6926088545420483,262.5957211110722
12733,0.6925937944597715,265.92138738282927
12488,0.6924432483386992,383.19116919815275
13615,0.6924131534024646,289.21405004467545
13863,0.6924016200425847,211.72256737662153
17343,0.6923867316737156,134.07376672129828
15965,0.6923751385900165,108.14207289637469
14476,0.692351830460202,133.62390327881897
15344,0.692289865186054,213.702958484283
12809,0.6922661283715505,338.7327392734834
16297,0.6922042754553963,208.97647075998412
17970,0.6922032210088545,389.56505075157315
15951,0.6921440681401303,259.6716900441327
16147,0.6921324108300245,259.5496540612592
13886,0.6921237952029701,168.5736715596354
14757,0.692030966215138,290.99902129346555
15225,0.6919883114138873,283.3000146928455
14894,0.6918834373298095,453.7025640290226
13067,0.6918668540234646,79.88294696554922
13626,0.6918244953365689,177.9580149354256
15504,0.6917814354720649,36.54681323598919
17893,0.691772290864139,74.16490730354434
13239,0.6917100037448631,227.9599488341571
15261,0.6916988131862742,176.2586915761264
15990,0.6915802415079949,277.57956153406394
14850,0.691516653953258,225.2615500252738
12790,0.6914794726355313,224.67551024873686
16305,0.691427814623585,249.75755519833137
12513,0.691362703614348,423.31446979602913
12783,0.6913463860895603,234.38025181208275
14622,0.6912583546275428,221.6036033264977
16614,0.6912256381009416,349.8915057503156
16216,0.6911797456868014,632.3810847212253
16967,0.6911708136802198,220.4973129802637
12648,0.6911283512289709,219.81337210837418
17498,0.6911193808800471,188.1365178631664
14020,0.6910958066380164,228.84946541011274
12725,0.691027778289698,295.6216835523328
13496,0.6909603557183326,346.1780478184418
14493,0.6908794041116391,422.27930938111604
16517,0.6908034637032088,112.39372354451206
14586,0.6907985217638272,163.967937125862
15211,0.6906461948675495,264.5658378679122
13395,0.6905923079288102,212.5090649958535
15090,0.6905528061361972,263.3215960358547
18099,0.6905393121154036,116.22467162214359
15047,0.6905285366384674,237.27941575971016
17701,0.6905257980614832,288.6052572997969
16236,0.6904970883387778,298.4328415800197
12833,0.6904946556250283,288.1986593647743
12580,0.6904052007177001,287.0014419383479
14862,0.6904029977891663,209.95155162768543
16425,0.6903408516984867,208.96617580913193
16999,0.690290457248125,169.69410310530657
16834,0.6902854630320173,285.4054275452179
16796,0.6902838023503735,210.96453567432113
13045,0.6902715281660448,210.72609211853012
16247,0.6902415034304566,79.07406663299311
14762,0.6902232626199104,207.42589488253546
13304,0.690222409580672,207.35661628622552
15280,0.6901688703992663,78.07190261956501
16933,0.690164743539305,155.100722815588
12940,0.6901509879751646,249.3308474257877
18228,0.6901229570443912,290.1207899118916
17144,0.6899766329501841,411.15017580868516
13226,0.6899202504713258,74.65627030350217
13600,0.6898894949922958,151.44454194070877
12566,0.6898375570584143,242.5813769395914
15130,0.6898372128764932,227.7221623426592
12447,0.6897057082539447,328.6378729259221
14984,0.689616051675586,70.49944896279516
13189,0.689512827583687,87.56812910312826
12644,0.6895074942338356,329.5225265692924
17486,0.6894417061302073,273.61872991189534
13503,0.6893627862719163,149.48832020306503
14536,0.6893199602760834,117.83924720919646
14780,0.6892390194617041,229.37874567685512
12802,0.6891015364696489,294.64603496369244
12832,0.6890808850617121,184.5358610195265
16278,0.6890458330130346,390.2617789019225
13781,0.6890188369486088,88.08416811551015
15639,0.6889851078558652,293.0391460732566
13740,0.6889759853807551,241.65832687229985
17974,0.6889648118345411,113.03845667769315
14142,0.6888931956166329,214.8037873252223
15489,0.6888566122826015,239.9012037935388
17434,0.6888230793310242,344.10845751060646
17880,0.6887986427869659,316.1034731477944
15184,0.6887950353475337,162.02525616480037
13398,0.6887188386115977,314.9786736506281
14972,0.6886676911213849,79.03839091000134
15074,0.6886308899697494,506.60508682404554
17138,0.6886037516351302,262.01372749716705
14128,0.6885728744835327,210.38655606969857
12591,0.6884902958585918,311.78283047956324
16211,0.6884262182277409,376.5829098949388
15165,0.6883729631942866,335.7539127980133
16643,0.68835608898447,335.580476940819
17266,0.6882594446794278,77.8146128154561
16715,0.6882290119405025,207.6524574826884
16063,0.6881897668094835,230.763792606556
17564,0.6881657065402335,81.97429896307261
18120,0.6881610527971856,76.48910101840718
14379,0.6881482720670015,76.37069523399583
14873,0.6880996965514635,357.5916503038645
16625,0.6880786342201161,229.18523148603626
13109,0.6880505918312543,254.4755113887894
16448,0.6880236459652167,125.901446975175
15075,0.6879746674183862,531.8250571544351
14716,0.6879481910364317,125.01394527514036
12883,0.6879304717409579,200.62116347381556
12465,0.6878750248855844,303.3116134730496
17356,0.6877744581448801,122.57516393058054
17728,0.6877188326343306,237.28362882382314
12792,0.6877154737296899,275.45755584768995
17664,0.6877139058623428,224.3253989532376
17624,0.6876991632382078,275.2859750442546
12426,0.6875079817550099,400.63152620809694
14600,0.6873480785362216,270.3546197306521
16339,0.6872813159869744,64.63880776857494
12876,0.6872212194923483,499.2181104758265
15552,0.6870772176623969,61.91939885573522
16627,0.6870061883676509,221.76559760507772
16667,0.6870026953344364,137.67534014502104
17481,0.6869353453308554,179.03595905358085
13759,0.6869329134240865,384.9640740119923
18203,0.6868627580175274,110.18652364117176
12794,0.6868177551904459,217.72122839537133
15448,0.6868075951400852,339.7225088600917
14951,0.6866441652074796,214.02011985351933
14068,0.6865375706112722,182.51601314700673
17928,0.6864663454642423,53.7228561960316
15343,0.6864251662848366,250.20197311082296
14857,0.6863268254281718,358.6194928227283
15109,0.6863120474253271,332.8270273989124
12718,0.6862160429403654,163.49097223054207
12381,0.6862041772691748,870.6146878684929
12849,0.6861790655965749,458.95086802426914
12689,0.6861103245054849,350.6229591320379
13753,0.6860715263678847,508.55737963545823
12885,0.6860563854224474,442.74648833237643
13823,0.685973234308436,446.17071105889295
13927,0.6859224549095767,239.38007753889318
17557,0.6859031360432926,197.78702830944385
15314,0.6858899589998082,224.95132985316707
14448,0.6857878387827911,70.19038529941868
16483,0.6857755753457219,95.56282642442633
17466,0.6856543861959729,315.6821359484879
14247,0.6856421901644792,93.77528234879584
15921,0.6856411386328054,221.48265701255514
16650,0.6855824412729132,355.41964920470366
15652,0.685561739041246,231.54162174379042
15016,0.685435994202583,116.55153645420722
16411,0.6852164939266987,88.08458029427713
15789,0.6851661737587107,240.69887684143507
15303,0.6851376872128426,393.2827352139159
14270,0.6847832247901284,337.3584556928568
16804,0.6846749107174959,80.82587321020038
13936,0.6845521767945891,257.7886587373064
14149,0.6843273009458622,305.634259148441
13501,0.6843130234336203,917.19843156855
14805,0.6842196057934229,74.75099193293146
12956,0.6841582889794426,73.93698629000836
13210,0.6841368301114293,241.82868670778805
15099,0.6840410837492784,280.7851840574038
14022,0.6839731821787156,300.94820015863485
15568,0.683972794813289,156.157828783822
16169,0.6839468344247487,401.7914073511629
14497,0.6838869971502597,325.099361835319
13774,0.6838691278236557,235.93484909916123
12703,0.6838217089939039,193.89764558522145
13116,0.6832901894122367,342.4240455220483
16212,0.6831409703642556,340.30667438695394
13372,0.6830233195290487,258.619949706479
15243,0.6829571233739692,216.27886183006856
15762,0.6829145505118027,215.32978692187652
12707,0.6828022471274487,412.0165319616451
12925,0.682686076711205,251.4401089135039
16693,0.682646825529894,104.72484950454103
13745,0.6825076202717488,204.77958638633552
15599,0.6825049932889439,306.32871613787665
16697,0.6824700624320914,76.9484995392183
12673,0.6822789607229408,150.71542242369762
12922,0.6821818861814303,276.5428930202282
15680,0.6821333851299638,326.66685680488837
14041,0.682021590903939,96.44467316972602
18176,0.6820033951524168,324.8723172808538
13358,0.6819990206862826,299.41803005189865
13860,0.6819675607637843,276.79699356280474
16892,0.6819603191987116,70.22827367108331
13716,0.6818570324196926,94.2871904429951
13536,0.6816175122517494,310.2518430516288
17154,0.6814180568400016,224.4182228396861
12982,0.6814137226721763,266.11931525239174
16116,0.6813537625224638,417.51995859851536
14489,0.681328190335929,315.71385683786275
15923,0.6812751297165758,86.57644348438245
14647,0.6811331819910176,160.7746762771598
17900,0.6811197984946062,76.42164139109481
12657,0.6810850015835236,421.21020837931434
13833,0.6810727515462585,261.42977568103134
16820,0.6810522842280468,338.8984271547184
16529,0.6809092409212082,309.98393192938005
15975,0.6808376325715051,252.5975700603541
14287,0.6806386268621771,56.68358484508211
13044,0.6805613296569918,381.4342084328542
16275,0.6805339885848891,381.01056418902186
13800,0.680453430796404,379.9107594822483
13726,0.6802364213240006,199.09159579310852
15454,0.6801069331504297,121.80715172724196
17025,0.6799785096693196,109.45614070147037
18158,0.6799561822222774,233.76893544801896
13429,0.6795128794290729,224.6469579392515
13173,0.6794191691880329,112.74281693506218
17250,0.6792492612848393,110.47989234797912
16364,0.6791148997213924,235.1774897735182
13370,0.6790507941835604,512.5950730053443
14413,0.6790215505433078,82.19555869326742
15585,0.6789645135134545,309.13254300267585
14453,0.6789638047807157,81.42812910735124
13761,0.6789253438879059,333.83438084312223
17654,0.678839797743557,79.79761822475511
14100,0.6788349529781119,130.30236922414858
17771,0.6787454331399841,78.59872115761016
15655,0.6786329251499457,380.4891221438201
14050,0.6785057639275792,329.740231153525
16379,0.6785015695967688,324.9208316485006
18027,0.6783846663925244,78.22453588172199
16030,0.678320691466553,224.68694584138103
18048,0.678220678907865,116.85064076903608
13670,0.6782015048779613,237.16706625582304
17859,0.6781645044905187,96.2451064772944
15292,0.6781263478957993,120.97095920113162
13171,0.6780844483522014,95.16915232623145
15175,0.6780096543989753,151.96908393698632
15136,0.6779843498156057,395.19707750751655
17542,0.6777232052829927,115.721237302071
16924,0.6776030352530095,183.7049588874434
15417,0.6775277198692102,344.72610386945416
12462,0.6774842933010656,516.3175547676751
15511,0.6773363303859555,137.43154143531038
16141,0.6772602316881513,420.17224773932907
12936,0.6771945972558694,540.7127981249215
14653,0.6770808031275631,233.46423172641505
15579,0.6770646710504313,132.26458348970175
17569,0.6770518848869421,233.00063566499225
17333,0.677050364087379,334.6321424501871
14165,0.6770419559229568,81.54293317136091
15422,0.6769923467122553,66.14215227378735
15517,0.6769080972569805,180.7547692105315
15528,0.6768910635236367,155.2314275978756
15492,0.6768404282110082,330.1221504556371
13737,0.6768153685480794,229.84649915892774
14359,0.6767046034134571,327.112238244031
13569,0.6764855931983208,74.29164784503959
13584,0.6762415081921496,96.2967907665621
13365,0.676206934683991,473.75057843960406
14412,0.6760018734337863,312.61706636945445
12526,0.675948483565043,351.6959959988918
16053,0.6758101419946696,759.7390035289876
15386,0.6757557816991311,266.3423837988955
16048,0.6757081193014093,173.2785901136534
17480,0.6756710110082923,345.82193685426415
16574,0.675653353901243,305.01695008517714
12844,0.675557556421824,118.14150546704859
13570,0.6754684924117175,161.76794924768222
16965,0.675407138975528,135.88516229048648
14753,0.6753954074940753,380.3489237302885
15326,0.6753404454084769,210.51037023827632
13385,0.6753152334104836,361.00326432424225
15438,0.6750295167541518,105.69612173336508
15537,0.6745878277321466,74.82528185204971
12506,0.6745784793452267,49.58151823187416
13546,0.6744195519486614,122.91970753816302
15791,0.6743125128009563,824.8460381586418
13341,0.674295010484443,523.151783884355
14036,0.6742832482887289,422.5395975401319
13350,0.6742064954879385,435.92169378763646
14067,0.6741281207210997,151.45636488240947
17263,0.674048424258761,42.761632034975804
15052,0.6738011731795411,139.96871770458608
15475,0.6737860321308434,305.9729750509373
13859,0.6734528574713896,135.47177680894472
12579,0.6733393058680458,296.55209709040474
18106,0.6733114670710434,284.0701079572732
12865,0.6733065649313726,660.7695966923504
12573,0.6732764718495993,108.08780479073468
14508,0.6732450572153726,92.61159007054667
13431,0.6731206307764802,574.6296200812656
13639,0.6731049322205885,695.5462506608229
15035,0.6730832697817395,170.10833477193904
17447,0.6730745001548726,250.70678981768694
17812,0.6730385378626537,130.09834936885093
16374,0.6729435431641565,103.76789435591293
12521,0.6728602856415393,403.5008560935183
16766,0.6728168599504937,770.7789947592855
15272,0.6726366168589158,201.0914429761415
13849,0.6725374148996748,399.2047587361489
13666,0.6725168533201464,43.07470445515538
18114,0.6724908989346781,148.01524685552263
17892,0.6723041991743519,95.5344267026754
16885,0.6722323884205826,119.62375351944267
14690,0.6720915302547572,142.8597756709512
15239,0.672071144437513,310.35573378979916
12970,0.6718474544171887,15.989969415129092
14420,0.6716024267335051,260.2593724077679
15543,0.6715511404049894,85.86452881218194
16142,0.6714240470035467,359.4401493228787
14222,0.6713569178467004,458.6509055653303
12534,0.6713192209302506,731.1874690528105
15746,0.6712587732607129,132.15742727956916
12390,0.6710266433219854,368.9572895641605
16400,0.670832286635217,203.8860568770415
17353,0.6707724488574913,1167.1440610120349
12425,0.6706127711053675,521.2002457030917
17124,0.670501367396053,197.28832234261466
14082,0.6704874813137699,122.19634346943457
14722,0.6703902317871943,120.95180561904559
17499,0.6701323052287548,417.41201028088676
16769,0.6701234496112635,242.2764319724562
17582,0.6701172240528793,117.45144585974816
12652,0.6700987704981245,616.4774668828646
16270,0.6699762193120252,764.6036605276556
13430,0.6699143399272629,225.29889166093778
14544,0.6698515531351834,738.022345697751
18200,0.6698418962490154,100.71072910103946
13711,0.6697408263665217,168.81487269394546
13344,0.6696400350557743,1109.0243440576207
12514,0.6693587300477851,681.19299239503
16117,0.6691872475281806,155.39197074851882
17131,0.6690629133326359,528.4058170627159
15051,0.668996286879175,252.70665740573958
14503,0.6687776460814884,399.3070691458743
16205,0.6687576571566644,75.13492278155124
12755,0.6687161182729493,2549.1124070505693
13375,0.6686885688547065,520.6743541387173
17960,0.6686878954582026,49.33579292690619
12453,0.6686838393824821,472.8196559889593
18119,0.668429818626424,120.78526822579481
14594,0.668419581702322,170.4469933340921
18212,0.6683319919182885,144.4064934937846
15763,0.668158403104008,349.10608403781316
15123,0.6681513934098724,714.5678707100562
17817,0.6680645900999457,180.17701994995534
18009,0.6680161293161985,165.26051023153434
13760,0.6679861431418633,90.23824807703431
16823,0.6679772600835302,239.38969046873555
15398,0.6679019853899988,424.01757542484074
16792,0.6673710755029699,73.66441931401782
16718,0.6672746402615658,404.40179573052194
16494,0.6671063867215041,551.3834418169248
17899,0.6670373474743378,103.09062205215892
13244,0.6668063764651733,81.1770082708702
12438,0.666527968040605,593.2565485139013
17913,0.666455918608447,145.32071305257188
18011,0.6662681389967942,68.48570200748047
13235,0.6661105983898663,686.8066546818394
15076,0.6660372821935439,586.6789400201832
12904,0.6658882843895464,162.9362043072781
12822,0.6657884838727091,459.99326350765466
13518,0.6656644047221965,417.4780880655727
17289,0.665582236933095,109.45499886364748
15795,0.6654940585626183,405.95803066378284
16113,0.6654165460423465,107.38492220031387
15541,0.6650607624653317,56.616622708673695
12886,0.6643693148228024,514.8862189876718
16399,0.6643381743617344,118.52457368787702
16084,0.6641811198800973,289.7025208693008
15869,0.6640539359421223,99.36903097437917
17972,0.6640236905258825,89.76936272219406
16208,0.6634811894876644,330.14160507716696
12716,0.6631553511892742,449.5530125712089
12578,0.663135289309162,1066.7592145000765
15408,0.6631132333605025,177.17059368925908
14452,0.6630159602500495,84.44834285704881
14470,0.6627488842645071,197.26057791248786
14652,0.6625767374977181,75.65301188748946
16447,0.6625045837639917,169.5415480310431
16461,0.6624436185457342,94.67644196255632
13684,0.6622663663367441,43.13340843951214
14277,0.6622269962661848,1078.7876437275029
15545,0.6620355608387858,89.59327244831287
16952,0.661778266768733,110.92065529310734
14591,0.6617245857166749,135.00504997791603
15967,0.661463942926759,107.0910123598423
13924,0.6614088725711957,449.11646674201904
16440,0.6613997051052518,180.2049636529769
18004,0.6612496581431204,104.42454601396157
13166,0.6611693239637607,275.83984195768096
17964,0.6608216848492389,172.97668422613677
15507,0.6603221205982708,314.22088430789313
15424,0.6600039830884311,253.00592687711918
17367,0.6597627532065997,110.54324929976579
16367,0.6597407044785517,110.2360743113212
17891,0.6597022307726977,134.48689676532214
17649,0.6593982206505402,572.6807606527876
16536,0.6593480726327257,361.4018655714496
16698,0.6593219218952012,1317.325199946612
14921,0.6592418240453278,595.3019595311715
14157,0.6592185064606755,177.44843756908463
12952,0.6591601204996034,482.20199455027984
12354,0.6587185525169519,711.0208055867979
18192,0.658717026758799,631.0311501241266
14963,0.6585612288729394,193.74871353441878
16721,0.6584677731684981,192.58206961859068
13356,0.6583858977219176,505.79838206588596
12640,0.6582671042648375,503.3044452498521
14261,0.6582388014244728,621.2128688443462
15807,0.6579560969075171,418.1968951944179
12424,0.6573312782701698,1157.5340877826382
17251,0.6572492685492802,177.34557013265228
15897,0.6570471020782793,137.05345502250827
17431,0.656404971517988,264.7281250132046
17501,0.6564017945339597,189.4375579025008
17962,0.6562505337418308,67.2066171605009
17843,0.6557837423308516,134.75044337414337
14014,0.655560100217993,331.1758514281257
13187,0.6554221058371986,154.69272541969562
15322,0.6554100873060895,445.4691281402029
15978,0.6553731649364194,720.1109261688389
16330,0.6553354209892289,32.08522221163265
13339,0.6549280957031225,563.3167536761697
13601,0.6547768665860013,244.36272660989567
15415,0.6547768315648239,366.4196627119911
14988,0.6547056713834991,219.0252353046358
14396,0.65466868108668,72.24268895791514
16674,0.6545806000147182,75.34222706169406
12365,0.6543632519107978,419.6955025105475
17759,0.6543312751990249,109.37147264951702
17551,0.6543282961468853,189.97767750328666
13291,0.6541234376737841,236.21051457838018
13115,0.6538957495869235,574.4801107995917
15832,0.6536572539505869,546.9738535333116
13314,0.6533862945153002,326.4448604657343
15723,0.6529659015321458,124.52059742218022
17999,0.652945427137016,124.28163260125962
16354,0.6529355630480453,239.03970963188942
13583,0.6526401418401248,509.7315299813926
17660,0.6523145159813577,116.60121973166768
15919,0.6522084503870245,139.6247850588542
17514,0.6521625404502763,136.07371406495017
18024,0.6520749404041879,254.16577027074433
12546,0.6520606931990957,495.69653896995254
13791,0.651848991014186,988.203070377506
15068,0.6515927371554888,156.3561932078311
15339,0.6505407677733865,167.77446400875638
17255,0.6505069550949935,70.42388295858399
15695,0.6503936036252199,266.64836961426766
16978,0.6501725584544317,223.87391705261444
17051,0.6496125237203219,156.48516083898835
16438,0.6494954566008118,132.75687132920592
14034,0.6494587181167688,307.78498110271795
14869,0.6493250463501479,251.32775244028824
14995,0.6490796897255527,77.4416977811557
16692,0.6488703168474712,827.9585242973733
13850,0.6487767757437072,1035.11037016357
16108,0.6487530075713376,546.574408878852
16727,0.6484224861063151,166.20365163877068
14335,0.6482400371066008,225.2634128945438
17391,0.6472851713335163,329.33869517449307
15167,0.6471668598762569,102.7700973483496
12410,0.6471412939839873,448.6824733579179
16485,0.6467564036568575,235.19296618981622
13452,0.6465816891458983,381.48319659608
14697,0.6465793857275904,121.95133794208084
16392,0.6463184201891533,140.82632057501462
15866,0.6463098001469111,136.946583553129
15406,0.6461661012956511,163.0212456958798
13032,0.6451528407391315,320.18935485883094
13568,0.6446330086323042,120.5786042646725
16734,0.6446226232197283,194.94032748787802
15525,0.6433213665567097,176.8683433074362
15522,0.6431866957324235,166.6175135294843
17797,0.6431767169340498,175.2077694600045
15649,0.6431692294047943,524.8260911943121
18001,0.642883221303955,160.80438014475826
15676,0.6427423777812397,577.0541067719969
16532,0.6427361357520822,2903.110577965005
15267,0.642592797647382,904.6164368160785
12397,0.6417375197857288,779.5891564109012
16361,0.6416869795927199,214.9266369447856
13336,0.641008753287679,509.67887991409935
15850,0.6407237079071466,74.42646591049414
17967,0.6405164798721092,71.9107851952417
16480,0.6401279279592509,492.4440136997721
16716,0.6400304084535176,576.7954040983101
14813,0.6398202303937187,97.81571682259171
15707,0.6397671690297737,101.64620781545044
14076,0.639238937122184,75.85848466828958
13354,0.6392372451658332,475.29206889815197
15437,0.6392005345909962,127.9423790037338
13544,0.638500369180066,72.15692672103927
13030,0.6380223016574798,256.71465329490354
13151,0.6379611648287196,802.4722104031016
17173,0.6378625573797257,613.1517619068352
15506,0.6376137987913998,133.11463277368054
13979,0.6373973053958513,554.4527940446892
16960,0.6372149637470103,128.41793164393496
13493,0.6369565199516698,394.0404119377015
16405,0.6367416735141579,106.49504489524291
14682,0.6366420945395918,33.10538891605877
15429,0.6364685103289649,154.70003612055822
14105,0.63634151803363,805.7547203797234
16893,0.6361984697236484,92.84044268677201
13261,0.6361572260452525,600.5960371093229
17991,0.6359786053159278,59.36860280624185
15069,0.6359241468975703,705.5769187072611
13243,0.6357658496229741,371.9993139313946
12851,0.6347081997495835,83.6608878089926
12550,0.6344751734335928,612.1606815839334
15012,0.6344291866067961,119.62796742657748
15325,0.6342670880316269,102.58635881823534
13708,0.6335884360299093,180.78178845241402
14570,0.6326979459014237,137.96611408326444
14432,0.632540185148309,157.61003793340416
13421,0.6325301480060378,521.8626733109014
14053,0.6321441526448462,164.51551572582125
15661,0.6318274318326458,195.74013838175367
14451,0.6315293576322766,227.35056874761958
13121,0.6314270727876935,179.1548033620523
13277,0.6311416357744263,79.46073194400027
16916,0.6307182173303222,123.89197943019519
17555,0.6306610711289803,123.26270635215919
17860,0.6303156443814032,142.73497767016877
16009,0.6298481923157297,278.1346632447031
16200,0.6296939229772611,346.6905831735907
15573,0.6296032855727277,254.41639166708353
17537,0.6294476252751806,390.7296133895684
12879,0.6286716365192071,319.1765898608014
14855,0.6284372658441147,405.7505206922527
13388,0.6283009567261474,425.4225777992744
17984,0.628272882444954,95.92470369169558
18013,0.6279882312547261,117.61591583169765
12967,0.6274049825986965,1042.056935598175
14195,0.627291967329101,634.8194709370501
17360,0.6272636486403281,201.28890484868128
16495,0.6269542044665546,154.55048094305036
16240,0.6268649394915345,1143.8968729347573
13470,0.6268222855931297,103.4256771228664
13672,0.6264581426910174,116.76553321617874
17908,0.6264564396638211,145.35668769519643
18156,0.6260171518905955,116.99008534531448
18081,0.6257993728687894,130.19755952535164
17951,0.6254085997996855,256.10482161797125
12888,0.6251566174326304,221.3804613652431
12450,0.6250970218752523,123.69419868867492
15494,0.6248137604595327,699.7164340634216
17267,0.6244993922474191,198.09120722088133
15653,0.6244941641320906,547.9561593760616
15935,0.6241362291898298,260.17742850007244
13461,0.6237729812417455,551.5400700139514
13223,0.6235796825517449,101.76820419244476
15891,0.6233279599818182,318.94445056349673
17303,0.6232854147495245,155.8462851039711
16828,0.6231237950681143,80.0714076662527
13439,0.6230801749741088,176.7740764419044
17334,0.6227722219627124,191.20352758699195
16427,0.6222675588931078,150.00381774677257
17653,0.6221350715123536,213.60385545305147
13420,0.6213576383571312,99.32401849138742
14024,0.6213083672322365,203.6027519420039
15460,0.6212715050047937,133.1136326623271
17976,0.6210362632247745,199.8432591431002
12829,0.6204860763447121,181.80242036900063
17924,0.6203435885868319,311.536550188307
18087,0.6200676562234302,2514.82079469849
18142,0.620057430802255,632.1609518515149
14651,0.6200144018865086,257.59738355178774
17433,0.6198049039473167,187.90005468066852
15224,0.6195993799222611,199.56056828536185
17024,0.6192394008664959,34.83221629874039
14549,0.6191965689197715,179.0964155943547
16653,0.6189221460154727,691.8683101448562
13133,0.618807969192597,67.94511501734715
15786,0.6186298451438074,1947.2240457684538
12838,0.618617901454175,241.74968970927705
13642,0.6183932377993488,193.11184029998063
15223,0.6182226448507349,467.22176384594286
12386,0.6179077529916605,248.33712592734832
16054,0.6176774032779211,484.1973164295623
15381,0.6163358836363126,367.8600721483332
15457,0.6162441849497817,146.09300892604475
16594,0.6155183290480527,111.46421420731187
15466,0.6145799790563042,205.59544039370545
13321,0.6143528919713799,348.5592567888821
15198,0.6140591580971619,118.90641537393444
14375,0.6140433047492092,144.6440408667237
17070,0.613916592182449,186.77798400558828
16689,0.613831040261824,259.40499761464685
17573,0.6137871836951989,111.83816274110218
13434,0.613561158406109,327.7889132668797
17029,0.6135516154241026,439.30295664365747
14171,0.6135010108958613,223.1855327538054
16498,0.6130982118150509,61.90452644696568
17788,0.6125382749462058,684.7565375623635
13928,0.6123201845808651,138.04758561375604
17621,0.6119109669803204,551.8090718035135
12556,0.6118539267673614,188.90989988942283
18149,0.6116987876688823,336.2385896058312
16022,0.6116208717520313,368.5810859439266
17813,0.6114849616327553,187.48740408621913
15073,0.6113734039829207,526.9794192971184
13718,0.6107519515557445,187.22601074941346
14360,0.6107010460171475,686.7272192358222
16121,0.6105559403581493,174.58236558600922
14552,0.6099877427913158,100.17218712118989
16499,0.6098090177570595,222.8547055393174
16795,0.6094104147005623,252.8321928509693
13474,0.6093097955948515,138.21583403273613
13502,0.6091809295667774,115.23266463685161
16357,0.6091228986577231,157.12325170875965
14130,0.6089277138270681,292.83942685657536
16647,0.6080395729067487,130.15695097641864
14250,0.6080197048821324,747.1528539503107
17037,0.6072679794217741,769.6028556808028
17324,0.6067187082188701,426.05607847253714
13479,0.6062701423494427,182.45699934006475
17691,0.6061715068169027,176.03220557962857
17830,0.6060328504775347,174.3253494398629
16274,0.605807074621632,213.09263849815903
12559,0.6055913704437872,340.1667286919797
17409,0.6054600575478497,467.3243454183078
14154,0.6043757169871796,813.2600522922886
14377,0.6042503237236921,372.8526622537042
14765,0.6042313188314319,57.70409094840174
18064,0.6039563750286687,491.6204892733363
12897,0.6036119369901407,130.68198435836547
14477,0.6035729827945908,315.668670001571
16217,0.6035008861303259,183.61514460515167
13575,0.6034820540560607,132.01169932476327
18095,0.6033081260689868,349.94887852631575
13282,0.6029628737335548,466.15059768341126
16957,0.6026297956289929,251.07967805086358
12908,0.6025754032038811,451.9315524029109
17248,0.6022871274846794,191.91879317299308
17483,0.6022013017851767,165.44878565245946
15230,0.6014443230934398,258.38048120094174
15057,0.601426267614666,895.824425612045
17854,0.6012663070097588,187.15015071985752
14071,0.60111792650909,214.4848873577084
12547,0.6008012210293401,124.84649372989688
17579,0.6005315645432941,162.65997957219668
15019,0.6001305502144838,151.71900439972364
16639,0.6000395827019848,282.70864939004014
14141,0.5993813423803815,293.2832846401445
14342,0.5993697334127412,251.579451902664
15100,0.5990322689341911,524.7522675863514
15679,0.598726014148673,155.82443244233363
16091,0.5984228829680508,188.5391135079141
16660,0.598314539351231,229.96817634503915
15734,0.5981972597281592,801.2553195428828
13719,0.5981766023755316,202.6263422886876
14104,0.5980335635697368,129.3008367794128
15213,0.5979172105343825,196.3261160789645
14947,0.5977958259222346,173.85098209470425
16163,0.5976826693943895,511.9749746032341
17946,0.597497453678299,89.37366912119995
14114,0.5968766074923788,230.71071509402915
13933,0.5968349865805961,363.3471714804011
12493,0.5966040590903056,258.77104458982916
14731,0.5964490611840214,149.72064333841305
13217,0.5956575092181826,318.06919677232514
14496,0.5955743162029694,320.901397313322
15852,0.5954211680005944,95.69013590937553
14905,0.5953441941680562,366.8213252366478
14511,0.5951143847125288,196.3222843728161
15232,0.5949080955804859,364.11944898099216
18146,0.5946524518005128,95.35252064621223
12793,0.5945613582535202,324.3213297001302
17777,0.5945002499073923,112.83614743242306
15181,0.5937170131979402,258.266900741104
14515,0.5932712280090872,454.23811572515757
18121,0.5932389412518998,387.5630003198661
16488,0.5930348081053716,210.27235190992158
15045,0.5929751116440612,436.22807063207006
14145,0.5929535058138801,1690.6290357765347
14918,0.5929389494655751,954.7206494819958
14824,0.5929289421520043,447.96374508526077
14729,0.5928886989456811,185.86467823248157
16325,0.5927654099982913,246.60226586748917
16268,0.5925022498851193,395.5841271357999
14229,0.5922796192490632,451.3940662182886
16038,0.5919474959055001,232.83070856451036
14331,0.5918848979163418,273.8414668699747
15724,0.5918570679391881,129.17280507772782
16065,0.5916819950497304,217.230127662558
18218,0.5916559672416298,379.795798491747
15041,0.5916286341958577,106.45174015086067
17076,0.5914316948029289,197.65647240313882
12988,0.5910919977295814,298.9861542915769
14512,0.5908607925573673,162.65215897519207
16484,0.5905384050747007,238.7546771717015
12577,0.5903945472503034,115.65238786086192
13940,0.5903766387553491,230.8726883516668
15154,0.5903570485111987,150.11599029542762
17298,0.590082848519407,294.10909335904284
12990,0.5899589011360207,155.69015400979583
14712,0.5897448430891197,248.5597590167713
15503,0.5893763703337261,83.12564327186873
15472,0.5893027443620044,218.96132769514634
14125,0.5889546241036313,762.9494887025671
12582,0.5889203799721632,301.15032550256535
16226,0.5885976021033263,150.16302024860062
16139,0.5885543281381884,180.3153895116968
17109,0.588351525648875,273.3422353012109
13885,0.5882553233986393,298.1277978984304
15116,0.5879182983826238,465.02573647170396
14720,0.5872614598808202,235.5681894019934
17926,0.5871903409272913,233.28485054700357
14920,0.5869291536072714,573.8817185225818
13736,0.5868044540615543,209.80019646062752
15912,0.5867946587118225,155.27760258832245
14548,0.5867605101488809,383.0372610251894
15411,0.5857196635242348,223.86791259559777
18085,0.5857053439528829,404.1074020602916
16882,0.5856472116558953,126.32410355417662
14242,0.5855789405067627,164.2841717591723
17781,0.5854364688436962,110.07376487199176
14660,0.5854046941901864,167.27353731790384
15197,0.5850174150115071,452.3647161576478
17935,0.5847395749524391,85.24918263231609
12697,0.5846628698257474,429.0899267938143
17856,0.584317033416288,667.6581718924533
17312,0.5840268636602346,376.2885082562891
16997,0.5839184207374111,409.9107313576626
13643,0.5835106454435623,151.36266142806008
12906,0.5834879841979754,1129.9769953179573
15747,0.5832556178399381,306.4250039445683
17816,0.5832177714988475,12.428370710640438
17619,0.5828123949551044,124.93749310652574
14264,0.5827759751065953,194.62969240634965
16866,0.5827053880235066,121.05121730800326
13692,0.5821543454833795,507.39408443640394
14116,0.5821322815524823,366.08552789990955
15139,0.5819284996961872,104.14192430562967
12364,0.5819150532103341,409.5052612451763
15648,0.581903085513691,372.1270231860054
16109,0.5817380293292981,355.95386538601093
14593,0.5817299671288382,197.54967953728215
17446,0.5816781311278335,70.32488605335507
13811,0.5816677959802675,473.7684198259279
17707,0.5816161981443826,88.63830859720392
15485,0.5812937262733553,737.1560130990301
17242,0.5811526805048393,659.6315384802127
13929,0.5811255742753949,489.6854651631615
18135,0.5811140523827591,135.67269780980277
16362,0.581036079072319,209.55066191743185
13427,0.580455718795202,269.8306454391376
12871,0.580347365904481,220.90342135788163
18150,0.5801382584774074,239.75953946354292
17135,0.5800862198249386,290.36215733337303
13005,0.5800454641140522,297.96935491538864
13617,0.5799424748952096,212.08496306917812
13079,0.5798202265963787,99.96100706521568
18273,0.5794434605770884,88.65484946829453
15050,0.5794110329563331,740.9392407238996
13167,0.5793859658017707,241.92261002052936
17968,0.5792532472109493,153.56003583562267
12695,0.5791638631042635,193.38281389051357
14631,0.5789994019017247,364.81594315023875
17703,0.5780645834044795,283.80658786826325
17695,0.5779273997367955,442.3109561145591
14265,0.5774310801459698,306.1424100717902
13856,0.577284917443696,224.2751904268759
17630,0.5772273769601506,290.69170703713183
17374,0.5770863422515723,286.102095898062
17451,0.5767829394432739,323.56369336888775
12592,0.5765921938378021,252.31674402342222
14616,0.5765011484844177,234.10558637655237
13497,0.5762788468523927,200.5738526469753
14501,0.5762253341406748,144.7535661894789
14820,0.5760903967849157,139.52333319733873
14338,0.5760775769251003,338.8603522988825
15092,0.5760599265451184,263.72599497162065
16102,0.5757984817855126,801.9951573701334
18078,0.5757908744847615,193.54058664056288
13357,0.5754255710188895,350.66434297891124
13506,0.5753779251991009,263.82228626229175
13248,0.5752943976999896,267.90309512093114
17115,0.5752035771438095,352.4962561452694
17152,0.5750357592515964,971.5229152555722
16832,0.5745493258343644,114.42149823991366
17351,0.5745288586736294,245.49618131124183
12787,0.5743908122538999,197.96953735142912
17704,0.5740523105614767,508.14536478591356
14891,0.5738824970293027,318.14897870310483
14019,0.573718810064262,459.2791190207436
16723,0.5734732662635631,330.54999067431777
17361,0.573300972144772,151.30559256844825
16690,0.5732190911452663,129.30676258054916
15145,0.5731427533744483,414.9725477257018
16230,0.5729740063472945,310.569100660424
16546,0.572849470639453,450.91846081384546
16174,0.572251501041097,577.7165028760395
17440,0.5718540371462264,106.60502960479954
13837,0.5713225413055784,152.30887628665414
12378,0.5710819558218748,2289.2505497466836
16989,0.5710766833578628,530.3303620002793
17526,0.5708479679306854,498.23610640990216
16634,0.570694961917636,124.35443220185289
15467,0.5704921311356492,229.65731230996695
13835,0.5702869053682782,306.43796573059063
15952,0.5697246290741349,176.1588553097225
13813,0.5695138493112084,385.77729124642633
12919,0.5695063802028832,251.52249281660337
14356,0.5694978320381154,399.3489647600877
15813,0.5691941243867132,742.1779107290791
12516,0.5690615469332205,746.6428932692013
16308,0.5688620321037563,910.17925136601
17095,0.5687102749859085,309.3556411813348
17642,0.5686230777936181,405.0245320816162
13808,0.5684680730762314,411.05926364142294
13895,0.5683478268573302,532.7124181133756
15018,0.5682608209600901,165.55710757851267
17035,0.568202967237679,246.33303238655103
14001,0.5681672654855774,743.8104939377888
13453,0.5681384737151342,202.81407234682857
14048,0.5680922564735331,232.87805869619544
16838,0.5678559003917114,334.38194694565925
12735,0.5677771308862704,442.62201792500974
12930,0.5677361590975988,236.0646949527816
14479,0.5677080930933104,179.53768444075942
15258,0.5674404241859983,353.60617473574666
14220,0.5673888445899083,358.816705318658
17026,0.5665914329436946,87.72535156267224
14798,0.5665670244890562,55.18362818523407
13731,0.5665105155571515,345.9056556940411
15440,0.5660456405399605,134.526406930727
12878,0.5660307090980978,483.95059597178266
15806,0.5660194496549537,295.3942303859272
15205,0.5658942589960966,369.66476574661016
13529,0.5658113754446801,174.13410890685475
14226,0.5657866641870797,957.3110358045388
17193,0.5657257285720051,422.936554680431
13730,0.5657014948154557,425.746944998112
14997,0.5657007891097316,245.3331182211084
13592,0.5655761195951609,116.2315483380015
16012,0.5653448174635125,640.0381747467917
18190,0.565127135874964,160.75606507099226
14620,0.5647467102426216,233.11614705394936
18170,0.564298216468923,369.9031238775437
16099,0.56414536505147,334.03047064697535
12891,0.5640206814718698,186.6908455671889
14285,0.5637975654997389,706.6807825243378
13667,0.5637632077582502,168.5933872801047
16552,0.563617293418416,214.02239482977512
16897,0.5634694826530239,163.28218668319323
15985,0.5633585549115739,643.5920803020804
14737,0.5629743166874737,608.9974670766746
12875,0.5628376848326665,193.18277856511617
14009,0.5627782986602027,391.4742123310236
15306,0.5627205605057953,369.74679869154295
13203,0.5624847418826805,174.2915221197674
12435,0.562422095965914,4403.70314498255
16603,0.5622234619992231,271.2559537107652
13200,0.5621933552935802,352.5008557026277
13029,0.5620781920428282,434.5988580875147
17889,0.5619730948116037,113.16452210221264
16554,0.5617089743722615,176.43840594007108
12815,0.5616644513135776,597.3076773939372
13085,0.5615417392159577,233.6462868529757
13368,0.5614495548452821,350.0076524905489
15402,0.5612915810170798,351.80072423407506
12413,0.5612698136733807,316.5000479304194
13754,0.5612267672702458,158.60268443057146
15449,0.561105746507626,363.42819201298937
16969,0.561032729762274,268.71223624693874
14500,0.5610081012004369,200.19574091337591
15117,0.5606061388859815,378.81838622942433
18071,0.5602867456021913,253.80989575779265
16250,0.5597294034004351,217.98101886026544
15743,0.5594075741354824,242.81085755350614
15732,0.5594055619037333,164.53236386712604
12816,0.5592323458266285,319.99274828199685
18183,0.5590435794355191,353.3546752538086
17194,0.558973035957847,146.79749870324977
15182,0.5588903605043296,348.1048610401217
16008,0.5586534514070735,184.75228291483324
15781,0.5585609612748321,118.02393111737203
12363,0.5584958371031842,308.2897020809577
17096,0.558383675076228,247.88884871334065
13649,0.5580789835821134,193.4301757095605
16872,0.5579569454475014,379.4218820432099
17043,0.5575294407802941,181.18034237037216
12624,0.5573953703742456,357.36289380804004
17362,0.557231448346186,173.98437511712967
17554,0.5570209463165422,696.214910591583
14147,0.5569436159897444,269.22654396944245
12913,0.5567936369963137,482.4004391572362
13003,0.5565128481829731,82.94824002167215
18248,0.5563846605801371,447.34439479964186
12828,0.5561094686385851,231.0690453140185
16637,0.5559670587979956,294.9683230452765
13591,0.5558258227936571,431.44867842712046
14790,0.5553212404665135,202.1591443794296
12461,0.5552801144422206,459.15002102998335
13131,0.5552724878573865,428.78141512347383
16979,0.5550187580710707,308.39617292219043
13456,0.5550152277578058,474.5713206465894
17410,0.5549111803229253,232.8129857044833
15561,0.5545026615254461,249.34321180814734
13814,0.5542948584746988,875.2980969145664
17749,0.5542228880958714,373.83442247842714
15030,0.5540191756726782,287.13705836763563
14481,0.5539403247237861,352.5885560899371
12541,0.5534156234316309,296.70825234663454
13531,0.5531839986081177,267.63041852660734
13819,0.5531510216384541,630.7857675254111
15110,0.5529650316379945,208.21898266328682
14111,0.5523998105293114,163.23414401141153
12535,0.5521460242882142,395.5298044988623
15512,0.5520456024514124,66.7975178966209
15329,0.5520426028582415,416.24012255511406
13242,0.5517506804976869,149.19338400657458
17631,0.5515171342615356,229.70688641992956
16593,0.5513855437174684,140.87900641981318
16221,0.5513664427581324,173.88443505263223
14463,0.5513472457434803,292.004528290662
13487,0.5512487397673412,225.3504848168891
17615,0.5510309485068525,181.6198006278586
15533,0.5504915795958069,305.3796988649779
12739,0.5498479520055634,557.0179692997159
15462,0.5497428224275943,128.9696661415136
16080,0.5496138390351537,119.35414128487398
18018,0.5494993948849874,67.11585609125237
14482,0.5494072305219153,255.99629906168647
17734,0.549176057870892,296.6703982224346
14162,0.5490449503300446,158.87164682750173
16774,0.5487349642957237,297.5240976411414
14473,0.5486698499058731,128.5752926269423
12857,0.5484957946295035,606.8557471780827
14447,0.5482696726677428,329.5265213634935
18136,0.5481719257008774,329.3691015573722
14645,0.5481655052518014,327.3041415307981
12356,0.5480968315564559,1508.9544250214476
12811,0.5480562780117525,282.1667747343508
16566,0.5475258315812291,253.98628275390058
14915,0.5473351047115493,168.2945979967072
14708,0.5473285730532715,383.77584885349296
15918,0.5472379959797605,182.90335539631536
12653,0.5469739550051999,1208.7303944682408
17134,0.5469001554847052,225.97914424628016
14233,0.5468582045914105,524.4917040236219
13675,0.5466338994821608,266.11231494590555
13950,0.5466175923873239,176.91824995208123
15433,0.5461582408582037,291.26618984968
12414,0.5457603820843431,306.9410964880554
17256,0.5453447200108977,130.88273280261546
13186,0.5451032285143051,709.6916973319145
15618,0.5448156443195872,228.30009241132413
12593,0.5447535960838154,227.7614785226432
14681,0.5446664746520813,271.76133752765594
14323,0.5443560594100679,329.3680773066557
15484,0.5443117597564987,888.6542652136549
16730,0.5439500366086611,261.6073306065695
17229,0.5433487099050733,173.19783476934117
17505,0.5433389232256499,622.5794717888787
12604,0.5432925096174969,138.09409009457536
13238,0.5430425941247427,173.1491311366742
15053,0.543000889425346,259.8802256789706
13991,0.5427016846787627,182.99900807367877
14002,0.5426996550499353,287.48428826960225
12808,0.5425039899132319,152.6334975620878
13888,0.542179430479428,322.9600213536808
17969,0.5421337256564639,123.71491619480506
12518,0.5420697373501223,460.61291791851943
17955,0.541954736846408,302.0313748445032
14628,0.5419530303064024,364.1707582446902
12987,0.5413980742696447,302.4791040944505
13606,0.5413272431932427,133.50753798874945
15208,0.5409136012259177,174.99636826860888
12999,0.5408291588035483,246.5531969153616
16378,0.5408165960619594,196.28938354068816
15689,0.5406689963151491,137.3839919636794
15706,0.540570427699021,475.03166904479167
14320,0.5403825256487158,258.18936692969993
17886,0.5403428616325009,204.09290226721194
13652,0.5400864035861337,344.70474622481396
17898,0.5396761856689897,82.06316079282657
12610,0.5394867945543118,677.7302856588542
15933,0.5394494792372146,392.8648722440863
16682,0.5394173401460481,437.04671733313114
15759,0.5391109979825454,136.4166469295033
14441,0.5390231516858981,375.9147459857453
16232,0.5380561083258505,390.1122007805746
16449,0.5379387449073341,380.6938703834713
17742,0.5378359847109084,190.9909365306907
16987,0.5377457639785299,338.48407113628565
13680,0.5373825530353706,1285.198740013862
14286,0.5372319504176137,1101.3684769121414
15865,0.5371707087127048,324.3705324561668
15880,0.5368342906193186,176.63458664247443
15246,0.5367981701757376,275.9947791958555
15829,0.5367966278273845,341.4778068261123
15754,0.5364203035535332,162.76064850421307
14491,0.5362444173145632,182.82180919505402
16136,0.536095649506632,162.2439873666871
18143,0.5354803127966911,535.5659896467386
13707,0.535384570207394,431.73947126094464
17223,0.5351955065214922,223.11765471374486
16356,0.5349148826682024,113.27892470264523
12680,0.5348615790539022,328.06269812850144
12654,0.5346017673415376,180.56174691960433
14875,0.5345981610101622,783.3573772914109
17708,0.5342120986703951,140.67407194287514
13566,0.5337832750761755,302.8205897834651
16358,0.5331342159194912,604.8674246714587
15238,0.5327559581966719,411.7031493752241
16778,0.5325948304251642,130.98637259476487
16835,0.5325003233158294,96.30268347166775
13294,0.5324382456743608,465.21259277551604
15589,0.5324380874897094,254.78759800645065
17929,0.5324282666743985,376.4267845387997
16808,0.532363022093304,153.54414283215075
17034,0.5322831919284682,194.21949107085948
14273,0.5322828768516008,239.55390872706295
14595,0.5317393559933322,159.53775897867948
12379,0.5316296421623156,453.0760462364118
14700,0.5315824487399416,819.221711753124
16584,0.5314735655171896,497.50177520933084
15032,0.5309924611951882,2633.244714313058
17420,0.5307645340133174,207.79962271155387
15206,0.5304192583437861,125.55023844997419
16567,0.5301860709968186,458.92906305484615
15831,0.5297440712949598,238.97284800186932
15582,0.5297091895297912,286.8428232222772
15681,0.529660945429147,372.46817004468477
15636,0.5295044207526521,383.7636239846922
15027,0.5290947741034289,511.6187737147926
12468,0.5289441707248357,385.8859303105966
17158,0.5287537907201678,369.3609605075733
16966,0.5284309972091391,785.5443832112178
12763,0.5283803822332894,261.0621792538236
14897,0.5281130612403204,182.41025135240668
12510,0.5277815291727502,518.5822971192691
16309,0.5277039682080683,372.85979281677487
15071,0.5276077074084643,518.1477012146306
15894,0.5274731033918667,136.21992895094957
14267,0.5273909186745868,799.6512065311555
12501,0.5265858286560279,1142.3700308281002
14553,0.5265001327335388,164.43652145533883
16669,0.5264045708711361,381.8222914356699
16146,0.5262927542809724,386.3672997002903
18079,0.5255787540818234,1159.5213356802371
13799,0.525415778847008,361.9379134165499
16869,0.5254053523520646,203.68914699984842
17754,0.5253774263011564,302.12354276874294
16320,0.5253021608447908,545.5052819508815
17616,0.525256515590157,300.0265217050976
16034,0.5251701582306648,229.86697825756198
13035,0.5250529986297153,484.03585837676195
16877,0.5250302463433036,99.22021595395752
13495,0.5248109521606029,562.8230094255954
14113,0.5246874367778636,486.05994768227725
15768,0.5246786551038539,326.26092810322945
15713,0.5245352800337313,187.10173438803196
15289,0.5239763443424207,365.7250088241228
17268,0.5235650431112744,399.81520952149356
18263,0.5231751816851308,424.5043424193151
17795,0.5230439255881967,179.31514900940147
15364,0.5228677048976795,477.477559435512
14522,0.5227122694407581,434.63525203999035
14828,0.5226634798718048,1118.3744076904932
18265,0.5225476340892363,418.8271541988638
14608,0.5224009295049883,413.1930151919705
14514,0.5224008277941236,210.58499769208916
16929,0.5221853916315831,281.83389957139804
12915,0.5220442901928268,189.84140612862146
16043,0.5219244988238768,353.07670420936444
12994,0.521407440979319,336.55286092892106
16040,0.5213713010674731,456.8151065692986
14817,0.5212193383209938,578.7306801113322
14778,0.521124804854332,380.8692748758371
13705,0.5208175966820792,272.2209414337891
14021,0.5208088159326162,329.09909078782016
16950,0.5204308454128427,405.10857437781084
13563,0.5194435397977396,403.8829354989365
17339,0.5191504044386034,126.34044242417853
12717,0.5190681696938183,535.1489015909328
13955,0.5186336493932076,167.4979234080303
18237,0.5185357229276149,376.22359377013095
12649,0.5183214581947146,323.1786123989865
14643,0.5180930833982236,359.4581621925215
14770,0.5179121855554801,453.9085976645339
14970,0.5178079336557609,579.8154337110383
14759,0.5174750136738345,450.6431156578588
15584,0.5174692706350449,149.253661729266
17064,0.5174431809787372,236.67851097967443
16621,0.5172055198200431,315.1902158335325
13827,0.5170911893067153,155.52034609588767
17045,0.5170602279270909,175.51092376757174
16042,0.5169090110933239,227.6880812063873
12965,0.516826049781039,397.85786138194163
15367,0.5167700964324659,731.8394751657295
16943,0.5166958545860131,422.0010053160345
16833,0.5165704081738396,346.76854930301675
15839,0.5165553071271035,408.2646525409775
13846,0.5165068379307368,342.9243849073541
17272,0.516264456608194,727.643775721853
17392,0.5158977171868087,215.26864045053964
14965,0.5157640424961863,307.44178809155176
12473,0.5157055634135125,606.3408161834373
12507,0.515278415109445,672.3404288189549
13253,0.5152636141381257,530.9276280079248
16049,0.5151162061678483,249.37290656791703
15434,0.5147312672392201,302.2913786242492
13867,0.5145976756110142,299.8251897180013
14973,0.5144407987280326,676.2067078880625
14037,0.51393008468458,75.65050846557018
12845,0.513802241013505,181.932235520472
16696,0.5137879636873971,338.02110130993856
12360,0.5134629887779524,830.9268854795847
12872,0.5133881399527119,308.0174823274286
12616,0.5131039408097663,365.99704097960625
13016,0.5129262061425186,405.15528096991403
15920,0.5127763000908476,85.89003026521698
15332,0.5126502264226491,851.5427851016055
15643,0.5123792805904835,340.2198423120811
18151,0.5121223368589514,334.5951287867959
14626,0.511918579819014,804.3725452838185
17386,0.5117611743389409,868.6327116524579
17990,0.511585237992279,322.72843153504925
14859,0.5114741837275356,474.1979452174728
16462,0.5113710359072805,69.54646088339015
16748,0.5113523920978803,465.43294728749066
14779,0.5113137655976607,197.44381058553668
13159,0.5105914452048048,430.4745415377189
13771,0.5105018449982914,747.8086276457473
16644,0.5104581363048585,425.60978488826487
16384,0.5104126918491599,298.336218385834
16998,0.5102964294353977,150.5374466834423
17358,0.5098113015689002,183.9450157190749
13655,0.5098108875528619,475.6382637601935
14256,0.5094538515662724,493.691349398812
15199,0.5092817607140508,492.8574239310227
17932,0.5089447814044203,475.61398767024485
16624,0.5087276360143023,412.359359924113
16711,0.5080156584972702,462.22820719691117
17411,0.5079029427500579,289.22025171959297
16222,0.5077501125051939,392.7700995283927
15384,0.5074160230033872,325.9691273376059
13946,0.5072540740920682,284.8586703878828
13890,0.506964255324826,254.04485798582357
13414,0.5068961315890971,704.8390709746395
17083,0.5068907970987526,712.5769447454844
16629,0.5068827972796912,207.1275174524002
18017,0.5068542001633505,265.0847466854323
14035,0.50670859399853,424.2468374112092
16342,0.5064679660456285,163.29033693277108
17262,0.506426507166245,483.81962788634394
17618,0.5062329336846386,316.63857536106775
15745,0.5061805877146976,307.6312521836075
13939,0.5060190155151492,197.45368004416633
15730,0.505955848138526,393.2390042902252
16107,0.5059500543601192,916.133882430955
13949,0.505132776238502,459.29702812262025
16245,0.5049309229733595,388.6453314125948
16883,0.5045098204233919,137.46883586896584
13476,0.504356369897007,624.6302334263463
13310,0.5037981861608066,411.9305869143835
17550,0.5037439482941013,134.58023322625212
17588,0.5036465851145828,624.6224948591056
16589,0.5029740334052499,230.98579510102698
13510,0.5029287631969783,451.5344728858791
16859,0.5028564694554983,376.0410964235162
17159,0.5028053204734169,465.9346063231012
13389,0.502796250691451,291.69724483864525
16473,0.5027397213729224,158.9210533231945
14272,0.5024360107145273,220.04687525253433
14442,0.5023729271610948,798.6825270592517
13249,0.5023103768968441,357.34862522818383
14460,0.5022902740618145,218.1647576360085
15421,0.5022474486827341,371.34167365806627
12615,0.5020629255144641,608.1940073389667
16927,0.5020438776417194,272.6349277533357
13492,0.5017886780595278,637.1913349471107
13026,0.5017507998883328,303.1578332925307
12933,0.5013940290098321,179.24335143072489
14513,0.501054508156526,228.27542337103168
12377,0.5009955369781944,815.680853664938
16571,0.5009728475638637,449.2674399667973
13994,0.5006979308553509,390.85982576361255
14422,0.500615612178674,516.7104041102184
16214,0.5004925938711031,531.8985041365148
16948,0.5002053742851506,217.5993419215262
17633,0.49979235390079496,502.04141949334854
17429,0.4994032349499218,262.146746089913
14236,0.4993738194251986,245.12263300305298
17345,0.49925710198477435,140.38111193607887
13145,0.49872309040111634,249.22190273524586
15349,0.49863018197394865,231.31952771953453
13516,0.49857510503788294,309.3209809165529
14958,0.49840627833960865,241.0940690212189
13865,0.49832662147628076,191.0285270767175
16173,0.4982961344204915,370.8568980424508
16229,0.4982074318432895,503.4884306208284
17883,0.4980832123620034,98.52085940520428
13925,0.49802753319707876,337.78717439091866
16768,0.497891016507264,142.64079731916607
15587,0.49778086704381824,399.08087672637
16418,0.49726384511095145,183.17210998507008
12380,0.4968107793612085,612.8459049888123
18122,0.49665762371514094,159.49166270364321
13402,0.4966186774657859,308.5144210020702
16340,0.4966095622866089,265.34345522535796
18062,0.49645507607649936,357.7058114146393
16037,0.49591934003388577,424.020954115773
14896,0.4956522620439258,232.34691087833113
17867,0.49521880030920407,474.16209692005674
16023,0.49474357016071135,247.71315814376658
16341,0.4947091777732104,757.8400423390033
16126,0.4943558791222102,1832.4289371422965
15227,0.4942333423106287,433.3536792048055
13900,0.4939737208676409,366.00982847687857
13821,0.49381206039473385,190.43368297062517
14403,0.49367526349295854,728.5708906155431
17724,0.4936589478701994,509.949693149916
15133,0.4935432248204004,484.8667349280578
14133,0.49347722663400356,298.8695475386179
15656,0.4932969135143338,278.03693936408393
12560,0.4932487295410534,708.4580827271104
16980,0.4930995995647436,507.13321416835623
12820,0.4929981672528674,191.3966784725807
13848,0.49268705350018677,618.3222521427344
17398,0.49247289665288224,321.7719412150602
17849,0.4923551182568694,298.26873064001154
18221,0.491967829927754,347.75238026273223
17779,0.49184250334222973,236.70412315848148
15885,0.4917337105561365,186.5391830994704
12625,0.49169502543780125,1319.62094317048
15253,0.4916926502888401,314.978311775031
17198,0.4916289268602662,256.4631459859265
15031,0.49153885124683655,128.67995586790934
13118,0.4915309081774232,393.07726726948533
12759,0.4915098220472366,532.0692125625745
17674,0.49136766567138424,270.76323849155955
14672,0.49135281207492204,376.1551452839566
16350,0.4913470103709775,278.2989466741216
14803,0.4901708564313751,414.46396765554925
14346,0.49015128610463443,500.72875085877246
12458,0.48973366142971203,463.9736708385092
12545,0.4897231974854563,489.91418953247563
14006,0.4894188384482441,470.913912166516
17980,0.48909304225219075,396.8745491355402
17930,0.4890527503329122,484.4556544797828
17594,0.48863427438317847,485.30178863188524
14167,0.4884915137811901,190.43841664759697
16385,0.48825576285166516,133.69419298404296
17227,0.48814065002909335,231.25663295128297
16402,0.48794006324473627,143.18601155916784
17604,0.4877716250290947,150.89702991900074
18211,0.48750290720947037,204.84872160941944
14867,0.4873749480428592,346.172678095882
14013,0.48688368137715826,230.3057189650234
13644,0.48682227783935506,680.8745060089003
12754,0.4867944234744017,1465.61144253132
15983,0.48674354237225775,554.094246330307
15179,0.4864498829664579,707.8429537021522
13524,0.4864282439564717,235.36317012077842
16539,0.48618029427388976,512.2444198499129
17702,0.4858695557780155,650.4675851889338
15105,0.485814524126593,571.5802202159017
15777,0.48574913122193186,508.632772793797
15901,0.48571805824615744,111.32657895001928
14176,0.4856713561716584,280.18380537542976
15164,0.4855697603528506,176.37350405296593
15864,0.4853311984782417,464.8793417743686
14823,0.48501236495975353,155.89752446901358
14931,0.48500284194436627,411.11265897414205
13122,0.48467573555727994,447.06005172067944
18259,0.4844209511617868,614.342650263378
14625,0.4843525310573479,435.7380675151219
15353,0.48425920280250195,372.9376972622628
12993,0.484214055529151,180.32131427905583
15104,0.48419967848050965,481.07174855752555
18161,0.4839579847237012,373.2574352980018
14198,0.4838860936887157,255.87896634259286
14152,0.483432628755056,300.35185791922873
13192,0.48299653893485145,440.46386371624845
13995,0.48247702056264374,420.67171422856904
13873,0.48208771598911854,187.8213741493606
15780,0.4818223604272718,229.00053146387376
12620,0.48173571827197037,452.5039948872272
15436,0.48149556918658243,233.09200504322456
14744,0.4814679652254927,446.81671576821395
17917,0.4812588092663843,109.10618464878199
12527,0.48101499452492374,167.73473874078618
14129,0.4809470598129343,349.27818324794725
15722,0.48065237839719516,679.3781042455155
17828,0.48058159666082395,517.4229818608428
16572,0.4800583530435293,484.66691323274716
16369,0.4800410763175057,404.88584540923705
15675,0.4800204293507866,155.3778127765561
14450,0.4798925780935975,231.90808836373097
13499,0.4798561700461247,294.5597099828137
12421,0.47981921791629156,301.59516761346424
15669,0.4797733372391617,271.3310131422355
16573,0.47964357345173003,318.2962717783026
14775,0.47940527711031344,336.28362568180046
13787,0.47931011732142387,148.12599865701284
13092,0.4793039053088364,210.7738923595608
15456,0.4792363277581052,208.27131568039493
17277,0.47918286295325757,510.497463047253
16777,0.4790546962417674,106.64715647734226
12597,0.47888058567076225,684.2293696122417
17075,0.47863869001295023,333.1660329573143
17527,0.4785640091967658,377.21372332907475
12963,0.47829321177880485,296.40308627144316
18036,0.4781483451050528,121.30145366970083
16279,0.47800077819216236,346.15860355120014
14387,0.4777460495115985,444.1796120729136
12434,0.47755618660502,384.97714426977086
12684,0.4774834507889831,658.6788706943864
16092,0.47714591106342996,390.2385548223368
13489,0.4771432068176062,214.48541432865034
13157,0.4769795362285784,416.49853103479467
14045,0.4769581932597027,791.6313612627915
15620,0.4768207383308733,417.22291424689746
14175,0.4767540836274525,574.9606573138714
15095,0.4767272201506888,653.402327938534
16083,0.4766849500253402,628.0896238523887
13221,0.4766468634196048,403.9153185304073
17405,0.4764392012267298,420.70057907521465
13637,0.4764001184677896,323.3089403981654
12758,0.47613076256023074,1329.1618754555145
13951,0.4759628666460918,321.0131554094566
13656,0.47579637556225257,180.6360939822092
15452,0.47565120371850494,191.72548719485496
12412,0.47554167214555476,583.4325667219383
13741,0.47504401601046103,317.5336716218725
12701,0.4750014407519606,378.9133993022465
14829,0.4745886813598465,252.30558067133518
15563,0.47455546311929314,349.0924897798144
16203,0.4741089528576155,179.35541686603594
12463,0.4739294161079421,467.19487910504824
13963,0.47374131029950406,314.8200503464324
15797,0.4732344684060343,1044.6177655594802
14719,0.47214654965493247,230.46417381756564
16398,0.47184470845922954,804.8727036897537
16780,0.47184411998206993,199.2314612212292
15265,0.471837174949743,710.6434059353069
15809,0.47058415473187726,187.86190041051273
17580,0.4703790437478448,101.47016731728507
15815,0.4703583179244172,881.7807386129049
17041,0.4703291885198448,353.16548436766624
18155,0.4703188567254369,174.77989353630684
14998,0.4698119848108761,194.91089813848816
16431,0.46980387850422833,292.81936139411545
15700,0.4696266843805739,327.1795184742582
13037,0.46922809193714926,413.4227949630641
16112,0.4691750006621988,91.8363146296188
14336,0.46914137945931517,522.8064618556662
17490,0.46897684717228294,475.77701145628106
15881,0.46878845527074886,235.04584358820077
12456,0.46837217109526363,1061.0503163992103
16360,0.4681594051948395,209.39365716149587
14609,0.4678875376950222,281.46242717581754
16551,0.4676339454798365,431.21461380586686
12674,0.4674568517696377,655.3745061810321
13220,0.46745667288168086,382.98257752523233
12432,0.46729135653527903,1876.9505001409939
16496,0.46694816123264,553.3522489871277
15577,0.4667416189705337,120.83007031909176
16389,0.46655614009461893,503.2787738814664
12585,0.46650762489762126,951.7222055536371
16905,0.46642243371743625,383.48319655380175
17299,0.46637266204571864,263.75705901995616
12778,0.46594855648177697,229.27464670242318
14834,0.46557524238775394,396.2976463204562
17931,0.46535565640105536,190.03263584793498
14670,0.4652720734023761,182.78678675685748
14231,0.4647352633364923,430.2100806232243
16188,0.4644631794272193,350.6836343629334
12670,0.46432048722659286,758.9179067572493
17370,0.463256181980232,206.69564327593991
17507,0.46311386674609023,280.4524954240973
13213,0.46185294370197255,445.1708153754573
15882,0.4618309236458202,238.4710157337557
13744,0.46178907501274535,498.9723313327716
17175,0.4615490995840319,522.7643566618619
16955,0.46139649771783553,239.31252147130974
17515,0.4602007138049866,262.9448818467552
15835,0.45999565952229426,310.731667963905
14723,0.4594199362250385,209.3346939409388
14959,0.4594098485694208,246.8500998333212
16303,0.4592108593509411,1853.526567923984
14290,0.45906599803483406,491.7055904951107
15334,0.45905646777634224,161.04619002529637
15004,0.4587671719067077,560.0492004485516
15624,0.4587407555129884,269.79920053985387
17648,0.4586438241944187,507.8975844746573
13313,0.4584612880944741,421.0233393086794
18232,0.458225823616707,271.7141666299988
17796,0.4581431592583539,281.34571410055514
13376,0.45774645318684176,466.79152310181377
15903,0.4573155687159344,435.3461287948209
13038,0.45722151496029007,415.3674574808251
14127,0.4569653873241089,324.31290503779337
15107,0.45668469053532024,145.9107586260348
12691,0.4561947409238115,253.78113437591634
17765,0.45564042394344384,167.50708905432825
15380,0.45503456463649644,457.10952225123884
13362,0.45499155244667194,719.5827899409851
16036,0.45496825464609547,345.2845078160148
13750,0.4547920323780782,598.7928335899492
18202,0.45439297161379094,634.7824374147498
15550,0.4542357819951872,196.8112796228747
13735,0.45388739036244946,639.8405153200414
15665,0.4538864115218105,1008.6309225478825
14177,0.4529864229273003,248.89791994163443
16184,0.45266096472845996,446.23317902931586
12743,0.4525259561262546,244.4228446824739
17063,0.45189013880185724,303.61142755680385
15366,0.451695353311623,272.150967323786
13931,0.45165702375912603,558.9391166126312
14246,0.45155333747729043,665.6167126417747
12722,0.4512708009702811,450.20128917198156
13233,0.4511818405684691,273.019155364792
13077,0.4505586811049342,259.6074064658521
15132,0.4504805434347284,379.40822809703127
15482,0.4503181947730517,868.3485749808756
16233,0.4499054756402629,241.45527066661631
17646,0.4497233114281313,453.49649001101335
16283,0.4492418750022942,263.4129734075952
17723,0.4490820016323212,1471.3722701481374
17671,0.448451937284554,492.6468757039468
15976,0.44815368559616103,191.6484421083423
15392,0.44779628963331763,297.99051889938755
14214,0.44771747000838613,402.56964033274045
17912,0.44722737873218554,138.66732104970146
13984,0.447172614255983,366.3819380383546
17890,0.4464123491958235,261.99494361953685
15464,0.4461130912156614,466.03204073844074
13405,0.445997323532807,255.31161385367892
13533,0.44599126832328884,120.01179039311378
15245,0.4459673262719273,1121.9824381279657
16949,0.4458224719993443,398.45383434941397
16915,0.44581160518608365,170.47389970710654
16668,0.4456964790372559,118.78702559300943
16005,0.4449617069234395,122.54690370378448
17204,0.44414566236249625,694.8925375058672
13211,0.4440463241633905,348.4165077915627
13410,0.44400444804454464,323.5282811121379
14844,0.4439468365089418,1002.2898938495078
17048,0.4438715481770931,410.7365371056731
14656,0.4438115104259771,129.17134010948064
12676,0.44375401774486856,442.88869741026605
16612,0.4436607885564339,386.1179842806645
16475,0.4430338355497878,241.1433166897495
12775,0.44273174547198146,515.6408093163074
15602,0.4424244711719475,240.2143666228089
16676,0.4417487285185218,485.2609782775962
15192,0.44158489113183397,461.1559335067968
17062,0.44156369242669746,235.4991640819306
12530,0.44114293342080757,538.9222646135296
18093,0.44091689121763633,928.8002496877752
13140,0.4409047079963802,186.26901198723075
14621,0.4406154755086277,441.89766654235774
17189,0.44050650081819004,169.04436968898042
13802,0.4403065441719219,2025.154725395221
15646,0.44015053247724034,197.0289843581119
17388,0.4400122959262957,554.221887456925
15626,0.43996209874430336,297.3263863314002
13486,0.43966210244193166,493.48114040184856
15172,0.4395234285169091,389.743005003084
15953,0.43927403060711656,361.9793721814883
17864,0.4392603628520809,192.42678715461108
14533,0.43916386853694866,502.12240073040556
13982,0.43912904868739366,540.1902079523104
14794,0.43877936039329785,298.1681265616616
13517,0.4387617428114973,707.3629065258398
17288,0.4387014938295393,291.16618145466526
14499,0.43798754311482174,161.09619823306258
16224,0.43792260377931985,379.1884241604375
14540,0.4376748372174425,279.20590890612306
16131,0.4372931892858022,996.3725317877003
15081,0.4370318779456452,146.9519689592232
15128,0.4370072150225841,511.4033233080288
17720,0.4369562035128728,387.8423262380259
14883,0.4367032587883466,249.78989699434638
18188,0.43645474408909096,701.9414358236032
13824,0.4363937380369292,623.9732223947228
17311,0.43638769551281625,604.3315001309236
16010,0.4362035566252341,171.16627561974184
13539,0.4361468303931004,275.35693990038004
18189,0.4361295051267832,475.48583166942416
16600,0.43603736567360796,154.00839755591832
12372,0.4360017814486826,565.947752391648
14818,0.4358782666190643,286.7207237820205
16182,0.43580680059858445,2884.016873981222
13577,0.4357086482437914,520.1489842734381
13632,0.4356908622200581,353.8942597468644
15907,0.43535281789516506,207.9201522985519
16321,0.4351915347645833,162.60931696478653
17146,0.43504555374954834,326.1884552903363
14293,0.4348091213571651,321.5022124227014
17073,0.43480426092287455,365.7529962457129
15400,0.4346011475959356,311.2613419082091
15980,0.43454919187130114,1042.4226744123896
17252,0.434447376113287,151.58303399968696
17412,0.43441689889296214,308.35780317220235
17373,0.43406249025586213,188.17477077572136
16706,0.4340537164549929,178.63480700705233
17837,0.4339440671586268,231.96480109964395
13636,0.4337929517213092,280.4688329354125
14871,0.43376061792707626,145.4399351909487
13000,0.4337489069461309,231.9906028801381
16807,0.4335631223700074,486.28006241897657
12704,0.43344686863773885,583.6232052146562
16242,0.4332098567184854,366.75113259930254
17770,0.43318255851838305,495.2446236773118
17047,0.4330276639610077,476.72015525467344
12664,0.4327621847508063,985.434115652366
12679,0.4327323255655447,433.0352381934406
13952,0.43272159102871005,1406.8086156672994
17058,0.4325661507859173,510.38047565079603
17302,0.43252680880859057,286.1640619758516
18173,0.4324560609178553,911.1157273841744
13650,0.4314592540627489,458.8482875106522
12557,0.43144235480348897,3883.3953778920127
13064,0.4313845678359403,363.3681630252476
15625,0.43089544797113816,661.1056500041984
14352,0.43084469737589487,464.86419468069556
15108,0.42995741487257794,559.0521286880695
14440,0.42985578181464096,670.0291027879354
16618,0.42960060207945405,619.1790517710963
17528,0.429502103769176,475.4931890407794
15785,0.4292046087967788,714.9819134719381
17783,0.4290415192630457,121.62039946549557
17786,0.4290172821149415,114.48326173237214
12937,0.42877933966994797,354.36039747683185
12422,0.4286991243944717,344.48546839842174
12601,0.428413631420049,247.2203701472535
12928,0.4280642551539676,486.34092285062883
17002,0.4277290439898006,638.9117048788848
13720,0.4276024645860283,342.039211422364
15407,0.4274508731356221,316.62568525774935
13373,0.4272905448713833,878.329898226718
17033,0.42719879433102437,440.07456599216147
14934,0.42716277819338505,807.7391837969996
16842,0.42685889676673383,539.6307487035373
17133,0.42665438483465756,1765.3635815865146
16062,0.42646560935168715,331.84994926092185
16271,0.42645680113651413,370.347879810983
13662,0.4263721346447846,375.74470737706287
14428,0.4261873417143989,227.63518295649476
13562,0.4261355507613251,766.758480551375
12823,0.42599196629310654,749.532864692721
13330,0.42577341000412766,485.77765667600937
18179,0.4255211189954654,469.41787763103764
13659,0.4253515986746944,664.8245487285474
17560,0.4248604129751048,363.2344100730659
16511,0.4244004621924987,240.08334146229654
17572,0.4237629236063979,96.08824292775073
14223,0.42363846695497387,419.88079375308325
14532,0.423622891189352,395.176614045987
14245,0.4233168773834086,716.8659660049334
17522,0.42326834778995204,386.12655027138373
13477,0.4230973285370032,380.59720188546123
16809,0.42300439839750514,199.1039402817217
17105,0.4224612468552702,281.2662489313018
14475,0.422364806404077,391.0464560092147
13104,0.42226113281080235,244.48919589745455
13149,0.4217815053008298,477.7181685338258
15299,0.42169411389640027,1279.845852616714
13549,0.42161272247126524,321.2899751592277
15376,0.421518177982748,411.915993888301
13316,0.4214548593612458,1778.0169024788495
15146,0.4211993974821176,558.9989923623672
17744,0.42077612029228173,542.3635880119394
14715,0.4204506953344985,250.063051050193
13435,0.4203886670126602,829.4352477893189
14504,0.4201756244877394,228.03351316574106
12997,0.41984563656287227,384.74234288985053
16206,0.41964329205058193,171.9949996798515
13647,0.4195850084251266,535.348512249619
12645,0.41944246381290046,549.8303481137787
12700,0.419326671149634,901.153982634121
16996,0.4191409363409169,436.6526446612404
17676,0.41846408467620283,305.8302916447561
15270,0.41832597470647287,774.0243677396396
14741,0.4183035662387553,361.81585265387383
17966,0.41828641564155894,248.64199404981187
12830,0.4182404035726486,2682.7277854441113
17180,0.4163389540091118,230.152173776237
12635,0.41618545190097006,703.0121416420807
15938,0.416087895481443,168.34084075388222
16244,0.41595202511385787,633.390946242127
14561,0.41572228733472677,449.2960192598793
14005,0.41556145805900746,406.2861263151304
14584,0.4155068271048586,429.2434828089452
14985,0.4154415193493914,121.31307806521578
17179,0.4151139297975363,295.47394409058836
16249,0.4147480231543376,597.556509320075
14077,0.4144724239941805,151.98703787866597
14064,0.41437554980098373,454.5824093981732
12693,0.41360048221325274,354.00478873114514
16317,0.41307707949319705,554.2048637020479
15505,0.41277983968276355,1127.045818673024
16003,0.4127690470629838,740.4663935262867
13884,0.41247701512645873,222.94382667585094
12399,0.41151257339002656,456.223414488853
16654,0.41147694529839823,247.4087428995679
15079,0.41132257358050456,368.3846101244357
17731,0.41091429657299666,509.5789283231388
17092,0.41072019248242025,404.93725217226773
15106,0.41056958316148356,424.048582576675
16714,0.40996327626914936,462.87313670444576
15530,0.4098706246162386,476.9623471596707
17988,0.40974344316857114,59.822542702611386
12924,0.4097341938275399,382.56881677677404
12633,0.4097018438694642,798.4064682406183
17457,0.40964300706554785,711.8366533778025
17562,0.4096180306584309,349.3550259879625
17738,0.4094654862146817,643.4709169315101
12613,0.40945616690610004,598.8378332235094
12429,0.40927198923882874,1164.329696745759
14880,0.40919573838103723,282.5864849685605
15712,0.4089522863806574,354.11587429987503
12407,0.4088258481838712,575.365145700053
14913,0.40867223955523235,374.81374450808136
15906,0.4082498893987394,325.6650192722684
14038,0.408233512594983,636.9994083829596
13743,0.40769566755434417,434.53835030612214
14276,0.40714832891067687,455.90026981444134
17375,0.406808092543774,162.763917826764
15122,0.40655926109212603,664.2283895870937
13450,0.40646504139209955,702.0789366957457
15026,0.4060945880142172,190.45836177866786
14163,0.4060845443861181,993.24624795945
14758,0.4059243688593357,602.4161188493857
16816,0.4055505119811867,169.1388965268737
13425,0.40542545704299016,658.4960815837951
17265,0.4053074979542397,222.92317694981136
17884,0.404983508166262,239.15896091250434
13953,0.40486682438960947,1054.4189627673234
14640,0.40472989636552653,600.3601390727675
13509,0.4047263820481753,285.3401938716045
16175,0.4045595843487012,419.76697912436885
16954,0.4040877598496117,503.2428143615094
16444,0.4039715049950039,218.7101728042951
12724,0.40393349357679054,332.5059339076067
13623,0.40362462605671084,217.62228963099676
17054,0.40324506304746793,486.845829518469
13590,0.40318611356546463,450.1089134622134
17469,0.40187079280176846,599.6193538157346
18177,0.401082119857595,416.0304504646876
12464,0.40101043989051344,313.00869885654026
16122,0.4006610675062775,274.2204478226464
13815,0.40029249610229933,1191.9709802686218
15569,0.4001529846192558,550.4944624705564
13722,0.39994901555686957,950.0428910439435
16951,0.3995109199724977,510.47507799485896
16992,0.39928366302735724,388.24346974465084
12710,0.39899885858767836,458.4576684944142
17571,0.39897898681413385,223.24869207184858
15701,0.39879399702302304,384.8242433073066
14916,0.39866373368134844,385.81081490746175
18043,0.397883081355341,167.7435282685982
16383,0.39712134495065576,255.65083702543416
15157,0.39686251586420096,597.4249255064922
17874,0.3967511626403706,271.1635496181877
15214,0.39656621992803714,379.41473091614955
14662,0.3961293157736421,202.92912588452134
16103,0.39602882665792655,559.6441761033824
14740,0.3957975503062523,573.1979703290176
14047,0.39552884292084295,378.7030459429903
15228,0.39548884877027607,879.5790643305571
14443,0.3953234984512704,391.97115518440364
15889,0.3952200838022351,166.0201006028049
12643,0.3950907324984699,1321.4362675436823
12348,0.395030802125263,709.9651588116077
17692,0.3949880243488294,292.66242676102166
14738,0.3949385768514503,299.2252127515013
17979,0.3948364608329303,195.26242334031735
12528,0.3939117827651265,507.11021177834084
14289,0.3937605085734384,327.91587632978803
13782,0.39355487922340243,190.79146989871327
16086,0.39340025264474693,353.9422073044788
17282,0.3930624870035564,662.4910993450142
17406,0.3928799777222618,858.2148809360632
16460,0.39272991401833995,199.74636156886788
13280,0.3925850333436637,313.46344572358174
16750,0.3922864630119654,199.74834410106266
12449,0.39225148581346175,1068.7205532176415
13196,0.3913891117247233,621.1149508515497
13564,0.3913330292749507,674.9203355996292
16628,0.3912441450468617,633.7529159127085
16258,0.39093882483135817,1462.5256000236009
17921,0.3907843701737515,232.7003689073638
12840,0.3903919814130558,1064.5091431576782
17552,0.39029906707461925,356.69822039016526
15426,0.3901969077360936,247.43556510268905
14976,0.38982959798149835,218.28898168571985
17739,0.3897721576984773,628.675206316605
15535,0.38902892156037777,195.64264465271398
15201,0.3889822430059815,480.99210276661637
16031,0.3888326890054818,213.04143030610345
14529,0.38850171673373834,131.3679704963463
12749,0.3884633172098412,1070.3057854760707
14449,0.38756891380210823,154.9926843186011
12562,0.38724184608614515,772.1098996557822
13107,0.38639812884876235,543.8244545043251
13475,0.38557193103709886,552.0541794202974
17007,0.3853577035952232,221.75023695683527
16235,0.3852280640836927,260.14065939507685
18180,0.38496589436942086,464.40745633149453
13515,0.3847931594126435,342.8968802157949
13658,0.3840130028511777,805.1869439882638
18236,0.3839530131973174,297.07980443129236
13225,0.38374176186974523,1649.920729664682
16875,0.38367582640255016,436.6998256113826
13055,0.3835927943106034,465.8389253387399
12951,0.3830483656410986,287.96810032166513
15134,0.3829962022479843,343.7582413276783
14691,0.3828914567224505,677.3617893439855
16442,0.382852995556274,165.55712086839958
13015,0.3828488154602867,674.9777756091039
13728,0.38267676094996805,305.00103201234356
13538,0.38256552366355123,379.02679256966337
13021,0.3824147523214306,440.7215296078791
16324,0.38189054817216334,156.03665907766424
16474,0.38146378772150435,177.16704156937547
13048,0.3812776733542743,517.9847831354493
18171,0.38099692180024797,378.8290493152046
12948,0.38099105939470973,542.5160289356909
14178,0.3807614724567911,181.73364318890182
13772,0.38066949175575543,259.9858427844283
16209,0.38066106284803897,861.2913340212299
15089,0.38010966208103253,774.009702702365
17147,0.379528902064414,512.0983475555138
17937,0.378887586887323,1369.4967605559666
14262,0.37858987827248,522.1890191012316
14692,0.37829946446794943,223.78304820601548
13851,0.3782778193994754,1002.9885070249331
12728,0.3781845414512557,316.2870775519287
12685,0.3770789785382735,689.684993326073
15483,0.376442102801642,84.79734807709787
14704,0.37641839621065654,140.33630647525698
14577,0.3757950677912362,243.00412263652498
12609,0.37526658769878873,422.86915434838005
16027,0.375006075713534,350.48817848338314
14623,0.37412478121921383,226.77947738383864
16805,0.37408011020383963,172.2975579587865
15950,0.37407302488559097,496.1779416687456
17454,0.37368843933661167,193.39497800987664
12669,0.3736498445513561,1025.3063829442576
13138,0.3735460999666806,256.9586267060799
15240,0.37317655167571595,515.9352415192611
16806,0.3729441983819192,284.2431502387635
17348,0.37274669558823165,246.24019457254172
18037,0.3724600146431071,26.079650225310356
17042,0.3724209518893888,340.7726193978285
15898,0.3723298243326771,371.5628248945518
12599,0.3719623494155203,318.7866119430775
12584,0.37189928418852064,395.1020805290425
16801,0.37180788427850037,592.7472833533136
16434,0.37160258374163513,334.0112663703313
15819,0.3711515356376376,588.4496252074052
13309,0.37070644323338214,344.0674782226313
15704,0.37061102469685175,850.0408584651931
14948,0.37060582484813664,309.18532149605494
17905,0.3703488056746716,295.90499224600586
12916,0.36991897612004654,1089.392888724731
12942,0.3693946063713533,249.5629960644863
14315,0.3691662219664795,572.2630189813383
14745,0.36904807972667114,450.33460976726775
13265,0.36901510540737986,659.54069789461
17656,0.3689114935116727,617.8123890690631
16153,0.36815772927238466,376.8241622194566
16657,0.3680630407083909,152.66886865543347
15394,0.36768609318094836,681.7414928105236
15658,0.36755788965268693,376.4160347933167
16652,0.3671080471296984,1661.483297262888
17994,0.3669745012544959,247.66742115164672
14676,0.36674500314321956,796.1887320238039
15841,0.3667321382691978,448.9021411697943
14305,0.3661703535741316,680.6960404801677
16261,0.36604324431371127,199.17877096086283
16633,0.3659002581835807,552.1434895990233
13941,0.3653919473979514,1410.157142592914
16681,0.3649245945048001,646.0406066356278
13155,0.36474418868937986,321.8867465183777
16007,0.3646682627381324,265.3581547466568
13168,0.3640656194748714,346.976379296721
14657,0.36401397466659,232.58308897347104
12935,0.3623479841399339,556.3273539694061
13027,0.3622915598889051,2504.159261952112
15237,0.36202067952880446,481.0241173035131
17320,0.36187509810192614,434.4744802831346
14465,0.3618656101884462,375.7757242440901
13704,0.36171725704063856,466.3982312281994
13717,0.36161358210167277,345.6989683533782
14739,0.36146893629654125,812.4303518413801
15312,0.36128211415915057,334.1317632800904
16128,0.3610545854767907,509.8307379683571
12444,0.3609022717456378,1151.209675436953
16493,0.36076098312674415,487.6153676236012
16306,0.36029950702232405,227.8065693050048
16426,0.36003794692492064,248.364976927218
14232,0.3599962657972232,566.3929248667451
15594,0.359974801064558,542.2768395676821
14081,0.35984612775347447,331.64138826015716
15812,0.35981689246145593,648.0805976880267
15800,0.35946363074948234,250.50660963300675
14161,0.3593663571631547,394.44770094942186
13883,0.35918055406235505,625.9726860087911
16898,0.35914639887830296,112.68936557604512
18272,0.35879338327042865,755.7803221899943
13523,0.35876808477842687,850.00769718044
13748,0.35828872803618483,339.7472863603123
13481,0.3578854099474697,487.2001451237889
17950,0.3578392378805195,172.5500805059865
12656,0.3573129835287125,1238.239559380071
17700,0.357176451694344,600.7100717530985
16172,0.35707081809423674,407.1357174992297
12500,0.3566680300335811,632.6720183947675
12494,0.35627767778697084,309.5554231219875
12668,0.356255742518223,1041.8592313222678
15187,0.35613827374594936,670.9217711445191
14507,0.35573714370032467,328.94657940825317
13956,0.3556776527980909,240.46299072720532
17470,0.35533478206785657,290.12018951494287
13320,0.35479198291825637,543.6122762273524
12576,0.35473338384632297,332.22555064127374
14188,0.35433547497412693,608.7341725865512
13875,0.35418480194095464,504.6425058054722
15855,0.353952862916563,252.09938708369285
13158,0.3537503668320659,424.8754155873211
13317,0.3537107112647178,464.7688003876139
18230,0.35341526991521227,758.5563987352151
12393,0.3522818540231986,557.5212621771142
14665,0.3519732449343114,449.18121572026956
16394,0.3519124814087351,437.02603416225173
12910,0.35170364235465745,721.0557734826716
16726,0.3512851046283391,273.00473191296004
17396,0.3508837983287373,1684.8738228149307
16014,0.34947383639925134,179.7623519670469
17869,0.3491839759081907,149.51359480436912
13397,0.34896364285669995,538.8452298443161
15671,0.3488821076041658,688.3060212711828
16045,0.34855045308733573,467.30159245419105
14649,0.3484520953274278,311.92734669520684
16918,0.34817452541054134,286.44318205525235
12451,0.34781727794343387,1846.151504213717
13611,0.3476812093337086,401.36318805483324
15605,0.3470688854213775,310.55029729734014
16469,0.34626945283360483,154.95211744850982
14506,0.3452259021843352,282.72620485288314
17188,0.3446710037604581,625.6088922155699
15067,0.3435898519862874,599.4818301515947
17259,0.3430279240279139,199.3781202827444
12408,0.34272545780023694,731.3932632185957
13548,0.3427238827270579,232.42162831018157
17682,0.3426940142365553,650.8958759402014
16419,0.3426663411992065,328.5176479710913
15048,0.3423628632890351,110.06281329015901
17088,0.34209993682890133,599.2667223412914
17667,0.3420807951849995,598.986893176886
16906,0.34203372654615205,191.39865303796122
13136,0.34184832857023195,734.3175576351438
17314,0.34127621048486845,514.275947103858
16770,0.3409649493265933,221.41581879370318
15036,0.3402405298176375,146.15372198846438
14257,0.3402309909746334,927.4152444382947
12909,0.3401759455825777,626.7741797358993
15062,0.33925769112404325,335.1391027537974
15351,0.33871790472646846,296.7981768375207
17873,0.3377317675002328,624.4525288372305
12931,0.33757645170082146,10981.598277343914
13507,0.3374242147821141,682.5383274191125
16470,0.337159029925751,181.7725478038701
17460,0.33645795381687144,209.4215241942353
14930,0.33643282799328794,794.9773152350197
17663,0.3363120759683803,433.10605455283985
12539,0.33552946695002117,1515.818117545441
15365,0.3348338250417807,651.3020147800198
18242,0.33465716052609495,747.1187643029018
17463,0.3344586371597614,410.5780783909514
14842,0.33419485313076724,635.4781971252165
14112,0.3333728579117947,633.6817957758976
14132,0.33194647315472453,630.7646882886075
17444,0.3316571614905814,975.0853210687688
15810,0.330466153525212,460.00227638402464
16728,0.3304399315325398,181.18351885860693
12480,0.33036547556879736,708.6174268212918
13520,0.3301601476424796,973.305512047077
17897,0.3293105098804666,178.42372735833564
12409,0.32912645331703577,3644.3086058499425
13301,0.32901622503084194,203.3616385293131
17888,0.3288420367443198,116.93622826628012
18097,0.3286847245322433,652.8335998659417
15514,0.3285672150042339,822.055457907693
14209,0.3281639568606197,615.7438771762866
18235,0.32744836079763934,588.2544312057431
14936,0.3274393184789694,1661.0603699255944
13162,0.32720064245881797,552.4095726567978
18257,0.3268202419508318,510.7775515376966
12370,0.3266897159968493,915.6001994357297
17019,0.3254157340527401,324.0912920151454
15687,0.32496987276369604,545.7706528129893
14419,0.32476852007966106,175.6315679738799
12782,0.32429739915660777,674.1072747048659
13012,0.32387713869454726,385.6858518430147
16191,0.32367804026214847,846.6381763528965
17236,0.3229401441717416,225.32502679294927
14201,0.3228398728738975,202.46579787413606
14837,0.3226413846972861,532.1969640581734
13959,0.32245733069983473,191.5525527289298
16899,0.3223880193009772,189.47711058376333
17519,0.32185220121094804,478.9160754018907
15304,0.3215186989582128,187.28464214315895
15508,0.3211186199493075,321.2053219766938
13764,0.32105637635210443,302.8492692491766
16464,0.3208777326859984,315.5287008821228
15288,0.32084048186502034,643.7215091947022
13240,0.3207155947346775,212.8429044456687
16085,0.32033426053795194,198.49512454234193
14748,0.3192114065749685,357.1241453338775
16466,0.31900010692611774,318.88207688655507
16266,0.31845613913814774,274.47416176177813
15756,0.3182582180338207,114.53795008819174
16889,0.31823201666657164,502.38333775101665
16503,0.3182097339393738,455.65406431980756
14341,0.31779074205652563,362.12890638825206
16907,0.3166538817287617,208.67174152043665
17589,0.3152755965853531,581.0749937985667
12955,0.31503326902506085,580.7197267900361
13752,0.3145601312297356,369.72768704480666
16788,0.313708550488756,186.4652253250117
14312,0.31353792497872846,328.33377965847467
12598,0.313250263830707,609.628868451492
17651,0.3132135761429142,564.0538007327284
13715,0.31233317619102124,336.5046406964444
15453,0.3114056633992054,218.35765117552285
15737,0.3109886155963155,331.05049118843385
17655,0.3107644059690942,591.4872168131561
17669,0.3102614035661341,991.1983112007998
15038,0.30921034762286775,153.89399001190128
14852,0.30902920733666095,676.2856979196956
14841,0.30892773892243597,733.8794687519712
15093,0.3087186107396428,1243.2407173096155
16744,0.30813693977441586,191.1003673092972
13437,0.30768105360413067,668.7755381139384
14868,0.307480811526052,502.660406258444
12836,0.30734230158004977,649.2698323569026
16570,0.3066717771165607,654.4590393911387
16497,0.3066487721046694,475.52025090271087
15596,0.30659357356334377,431.2514546384637
18178,0.3065708222868495,487.69592980214304
15024,0.30654522391543443,254.62259388863814
16332,0.3064878358165597,342.61968678097395
17516,0.3063520337070636,185.54210921468305
17160,0.3058551377389161,917.9263222792802
13614,0.30513054147670066,329.8552692525577
12483,0.3049948480536072,495.3299329299413
17090,0.3046171827068275,441.1496501678547
14898,0.30447560597608986,301.79013113138075
12854,0.30446093837449734,400.7467101354321
13654,0.30386406080725464,520.9050435200525
16531,0.3035803502581762,270.01347093012964
15611,0.303504250384813,287.4610157094718
15493,0.3033113472960751,390.3465384026839
15971,0.30209987438086705,702.9108827156824
13285,0.3018612530453298,594.6968546246042
16515,0.3012509793228046,375.7684215680936
13208,0.30093464235808104,249.42065027922473
13110,0.3009247158185135,313.6357758146875
17213,0.3007569459454755,535.3503713524058
14235,0.300554237096783,945.200998076189
14408,0.3004392498477539,688.2492379437331
14292,0.299674394737379,942.1613133345827
13870,0.29937696006255965,652.4831031475469
16225,0.2988286926496144,284.9749944583783
15862,0.29881946661303105,197.14016670861497
12457,0.29838077829869986,646.5553408798868
18239,0.2978116333322967,465.0656247280479
14639,0.2976054728165374,592.0057346908407
15443,0.29703823173627725,313.17928924882654
13838,0.29694458139574625,138.8334695857672
15572,0.2968442637233106,460.9368042669194
15549,0.2968101681374481,499.0744253163935
18196,0.296441694853749,203.54576093742966
17323,0.29566227881028867,156.98188693432277
16365,0.2953249506858566,254.73548946359247
14487,0.2948978883997144,240.8165646460908
17629,0.2941347701149524,234.8313177643757
17164,0.2940820499095418,592.9458739506127
15799,0.2934944587761449,259.49019078234073
13630,0.29329579066605665,527.8678981249554
16076,0.29317951551790605,426.8136704861228
13134,0.2927199740129131,525.0166909900806
14101,0.29212662431566294,1745.9794869436112
16717,0.2913369677644759,454.3866151435425
14466,0.2912724776925707,520.1106997917389
16170,0.2909553753740185,454.08241613121567
15628,0.29094098130540375,472.8954710138033
12619,0.29091210333493966,803.0279518037008
14535,0.29080928746473395,480.6524984145869
15220,0.2908076070109992,373.41150778247356
12826,0.2907028611346889,305.9996456875963
12359,0.2889505844294002,1010.0932265073872
13381,0.28834731694983395,859.9180190273033
14407,0.2883012542429069,622.0762653175476
15065,0.28798604455418736,823.2801048692832
14404,0.2879711492894413,380.8476043582719
16709,0.2879184501019789,872.3554744104829
14078,0.28759282355493876,301.7912812538461
15416,0.28757250533259826,904.2228556924487
17787,0.2870399053369004,521.7065095460299
15002,0.2870333270410062,471.23983500284237
16940,0.286891422234942,536.0164576468763
15140,0.2861081171948194,587.337048383385
13593,0.2855776763323904,574.5480154596096
12388,0.28519847592894704,711.3591505705355
14409,0.2850928583751041,587.1344871806083
13831,0.2844453076387013,509.4557682462959
12627,0.2842546603101025,775.3983900337068
16150,0.28423970612214233,497.0016533457495
12853,0.28393448801696847,555.688186498009
16841,0.28360590512593076,442.72583425588545
15874,0.2835974357795975,626.1122388424064
13627,0.28299340873409873,377.56414606485987
12383,0.2828746641091537,523.4765384138354
13246,0.28273825228447036,519.8171042075217
13174,0.2826344626179878,574.8954550327443
16912,0.28148564127359205,433.0881779507233
16218,0.2804046874406231,739.0009456560133
16817,0.2803211973873112,330.6192298345165
15203,0.2801304666325369,425.15961181753386
17625,0.27984688760831056,343.40851119078616
16143,0.2787743484780425,543.431563949157
14390,0.2784000077566005,442.853676338502
12843,0.27831333444817374,470.99243901998886
17114,0.2777971650426485,167.21722552577182
16873,0.2773272357440614,1073.6640733660613
17214,0.2772986379293457,239.14789132302636
17472,0.2768362291880702,193.10434330784648
17673,0.2768246247056613,325.4405652964695
16455,0.2767551335217764,366.25220860004845
15858,0.27651283155191264,268.2506281451415
17940,0.2758524631126356,1055.9742628936935
17800,0.2757736363393603,249.5199861598532
13758,0.27543504285702725,647.6910119791567
16891,0.27519287015673827,141.941730498144
16359,0.27518234936184965,388.3455868899231
18061,0.2745616276313373,492.42902477307973
15632,0.2743992805110278,645.3432038770557
17368,0.27423951438924576,440.1736173607467
16794,0.2739085634455531,190.7964880392689
13014,0.2738397306585793,663.1385069547355
15987,0.2736512529026495,326.63834500218957
18008,0.273643129445166,576.8150889887598
16520,0.2727442696650333,285.44597030333387
17293,0.2725362969285294,304.52388209903086
16110,0.27233102701745926,184.6894559027005
16880,0.2720658817434582,297.40065665140907
18231,0.2718004696534427,563.1080590139129
17512,0.27172694935998687,514.0802154941592
17442,0.2701597754617797,519.1633389071475
17802,0.2695112566782625,346.3327452818344
13784,0.2693623544758112,572.1660452597944
17230,0.2691922484107472,979.4317685401467
18145,0.26875724716785354,565.263680105788
14224,0.2687567726295802,271.37177602726604
17015,0.2687547855297391,420.8780567831373
13384,0.2686118299719323,841.1498872022069
17838,0.2685864228537024,608.9928551784848
15641,0.26834649168330094,506.4234991047255
17422,0.2680870597877712,455.4718719676296
15370,0.2680607502992358,546.6428850477166
14498,0.26722351697278,342.5244318205397
18125,0.2671520253490182,249.4932764734481
15716,0.2669205034942472,293.9088356025505
12939,0.26642054553093775,2407.4080198830175
18094,0.26641399858022297,803.8509579161068
17750,0.2657296874089512,354.51794786290407
15796,0.2655624967463969,500.52157136773906
12868,0.2655601958116323,426.77116828104187
12726,0.26503623728886155,483.5957200067483
16755,0.264061972200738,389.6049556441349
13908,0.2639634942203933,625.4746977299329
12347,0.26194214200745874,731.0438464429363
12352,0.26141475303284195,573.6250067274954
14321,0.25982223609712146,319.7346455187567
14541,0.25957341519046523,339.3533043492547
18016,0.2591523027500882,286.9878515884752
14215,0.2576299807692683,346.23150745562737
16098,0.2576131545072416,516.676671074359
15674,0.25659249981374055,627.7792100442977
17705,0.2563328721527399,305.5282769762938
14669,0.2551108858359265,321.2458318800321
12594,0.2541324964681523,642.9298028147784
14397,0.25394489443695223,276.6069368165058
16057,0.25393995326743646,392.1416940341734
14776,0.25336708282782816,471.8252489836382
15808,0.25281721763563886,923.1039222364791
15606,0.25235800063781594,615.5970595958755
17612,0.2513512480390202,423.0090693747887
14211,0.25130911291207186,336.5255200094264
14364,0.2504117173513465,930.8679974960278
14210,0.24969844524065812,475.8852848774559
15811,0.24953414027200752,442.6236580144869
14446,0.2482613174358885,167.46715428955292
17609,0.24812886891332314,184.75675579286042
13117,0.24784003989772,208.62431038470376
15694,0.24751121430329706,818.2176220195533
18204,0.24716513945046836,488.23765821348263
17809,0.24631104531872877,703.6392262724656
13588,0.2450044645671886,393.4624698270309
16456,0.2449755128219173,528.7012522620054
17863,0.24484218973156838,520.8527902159655
17596,0.24461534624180742,424.9164256497188
17827,0.24422049744046187,385.9831695897268
14044,0.2434808517028652,130.43512706574194
15574,0.243390080069723,164.44407369830765
13971,0.24188538005210983,480.3601762454849
14107,0.24125362311324558,593.9519448874238
12747,0.2411592244765031,667.8663562652276
18219,0.24100813915347127,329.48945728088523
14565,0.23986618373087143,743.3740873240182
15660,0.2397017393075722,301.18523543996446
14032,0.23905838897222195,513.3946244050748
14866,0.2389920860657439,1625.9635381814035
13139,0.23892587207432373,856.4441240027378
15981,0.2387392346168816,680.3781699499585
13631,0.23766179701284343,729.7215347841748
17819,0.2369130137830996,877.7319173745922
14878,0.2367731963194598,280.4010254732835
18260,0.23671175265290434,622.161335085261
12779,0.23661834443361018,709.7154284776146
15673,0.23645533951298905,644.6316402404962
16409,0.23637978677600213,334.2717478735479
17769,0.2361655385409297,429.3206092027853
17341,0.2358625415604148,160.9266534812554
14004,0.23574650052588184,888.6440762673063
12980,0.2351336292904675,1734.0870026542689
12947,0.23437485812743208,375.93492868781976
13305,0.23421328718117915,344.58629876530983
14901,0.23411912094116888,256.08651805907874
16983,0.23406992634745613,277.4547871959571
15916,0.2337511655969486,225.76856329181282
18073,0.23351962251365482,901.3437093706552
13725,0.23322073160303472,435.11991895178187
13426,0.23293133035881428,468.34337938594996
17861,0.23280375895303532,302.5261567218799
13183,0.23244658634716087,717.2325379010728
16743,0.2323962980653049,432.4662710697259
15410,0.2320875370943967,800.8969565068279
13327,0.2317179639461813,634.6175737576041
17774,0.23144435738470245,280.91095988853493
16791,0.2310762223860234,182.98232822082036
12757,0.23079637089402916,1218.8540984010394
12524,0.23006928726281137,718.3867480923832
13340,0.22944192533868998,2117.643427590453
16395,0.22937159402793014,291.1321894358906
16293,0.2293493043810515,333.54957384049465
15241,0.2286091208334555,322.6863462388391
14344,0.22822815688219125,203.10708365416846
16735,0.22815508860928568,512.7580276913947
16725,0.22802424669377155,172.90394554048615
17722,0.22770315002806024,551.9615437940191
17402,0.22673673865591715,418.9301351776053
16370,0.22588245818744468,294.0786311388161
14461,0.22537729257960604,473.98196893246626
12455,0.22531418256915867,555.8185444125547
14191,0.2247797485311087,567.6340511681234
13709,0.2247475132447769,655.9952891339873
18168,0.22470966906456508,260.6722045016581
12523,0.22391577536356314,255.74092451598634
15260,0.22341920257690318,404.56078945017896
15932,0.22247695238597087,488.48152050625697
12502,0.22211536160984133,827.1287316380398
15834,0.22187983471725198,395.66055886449806
17228,0.22125787530142194,233.71469368089197
14309,0.22088428785990247,360.8586610767227
17449,0.22087967667743136,330.77835980828735
16871,0.2201627487564773,521.1824686212585
17696,0.21990833218677192,421.25420205365845
13232,0.21985109561673025,224.03925898822894
13126,0.21911959073620646,303.6953703685674
13555,0.2181663115157013,894.2375309454777
13993,0.21805889453473823,573.9986086727367
13629,0.2170513025220752,1241.1774862901339
17287,0.2169447290955122,190.9764450227794
15296,0.21686158483348325,563.7295211587913
15861,0.2168214822893839,243.65530893751804
15527,0.21665770417561578,348.45925193380987
16837,0.21572463973866388,412.4094227739933
16156,0.21563356353212468,451.8493507033906
17085,0.2156098350949091,336.868806352286
16764,0.2155780252117805,233.70166979133487
14291,0.2151651571159563,506.8301341929197
14299,0.21493236093766693,611.1580190026465
15644,0.21453069956728169,172.3839983302935
17211,0.21392631588250818,313.37852087312746
12600,0.21353614600023255,473.93493460167616
18245,0.21344544030743456,357.0536670006796
17071,0.21338635620846233,361.5234324155011
12517,0.2133314511733336,413.5750178171832
12553,0.21266227303572058,514.5555092144992
17848,0.212555644485714,191.55514681052546
13394,0.2111880472843666,389.8932610159248
14766,0.21030654321335218,431.3071741491033
15845,0.2097528125695535,643.9411345885293
14414,0.2094402880481613,313.5279224023365
14732,0.20934220375719584,403.44220165883024
15491,0.2090096573786751,647.948748743057
13634,0.20899119609289413,280.9844833229743
17097,0.20803492519961408,133.0445757129092
16942,0.207761306917652,299.059935629545
13094,0.20775674010618148,368.70173153163813
14583,0.20770513457451875,154.05905241661205
12727,0.20751901387053537,692.6362125956858
16016,0.20684606852595708,186.15939321267612
15532,0.20678388815264012,251.1369643224999
16477,0.20660769842099924,413.06250714516693
13804,0.20659518341867603,461.86006014712376
14530,0.2051252525468608,509.1865169021235
18077,0.20487554175630124,332.3777864129177
16401,0.204422649668249,566.9989264788355
12989,0.204209304298416,1042.9091696102685
16678,0.20412357329213757,436.27331319728563
14907,0.20410168632608316,532.3339362419636
15755,0.2033559835128347,422.3175052004443
15129,0.20306905981380377,567.9293316530594
14146,0.2021736536229283,599.6147088610257
13141,0.20104908495782395,480.25600169300196
13756,0.20102751135335137,597.5201028209069
14110,0.20068416445131107,835.9719622800259
12721,0.2004294636980527,409.238883273321
12520,0.20032747588207125,527.714656617105
12395,0.19900677903118477,378.02730724426766
15152,0.19896124401797236,539.6286548628651
17685,0.19873367187555455,549.1865908710637
14083,0.19829779926342775,105.77006314911972
17567,0.19823467334409736,579.9256251344896
12433,0.19805752119786185,1266.6234012902019
13975,0.19768524790118908,289.939022539237
13266,0.1965727096354938,558.5318685228103
15708,0.19634194523281445,508.3960524691358
16019,0.19629749601372648,579.519282606524
14730,0.1959234307876045,170.87070169279352
18144,0.19579163328449933,458.4950572439763
13610,0.19510300944658304,149.20697750436884
17491,0.19484317568371076,472.22581745055504
16719,0.19483349567376643,289.08419920595094
17027,0.19464616127074771,170.81368528475738
17162,0.1941868004589591,284.22345235976013
14388,0.19386531772985743,441.5806047655374
13769,0.19378533287125044,421.7970312342211
16348,0.19369862930625878,196.35036354146146
12362,0.1933361098094835,498.2928892563742
13491,0.19291034271646024,209.97326252973116
17644,0.19289469211559082,411.3807230341571
12423,0.19265112136697465,318.00342650682404
13571,0.19229103665193512,208.41079425446682
17001,0.1918586114851166,535.9551125975584
12714,0.19151937423679402,649.1932228504606
18075,0.19052163965300467,372.99374003066987
15996,0.18970870268868747,195.8894122222849
16985,0.1889964611052943,771.1887197524871
14016,0.18894955672759253,820.269705161392
13985,0.18692780131610248,708.6918960176868
16316,0.18671830526987704,413.1721330842366
14825,0.18560825653870675,277.2374845441701
12477,0.18488419282448942,1633.2725059373245
18092,0.18342388137997542,1312.4932516920417
16556,0.18229264274125778,466.00744312446915
15521,0.18200615270481552,423.48827599051066
15034,0.1819812734004674,480.4997146611262
17591,0.18189495370516348,400.83645263145763
13082,0.18187613782598305,657.2330679321071
17725,0.18173836509379168,455.639889893947
16938,0.18148449345678408,433.0310756125597
16910,0.18063727112342287,136.39559067987415
12877,0.1804993429409704,209.44602256841384
17426,0.18044242973033325,772.4000602793673
15544,0.1798375038900714,498.5761006597172
15974,0.17971570836166256,520.2787728640968
15373,0.17970891827863184,303.1509742442241
18044,0.1795953296378196,276.12781931814766
14684,0.1791605127133518,111.5757925024941
14696,0.17846462713429123,317.38327754189487
15910,0.17821530606741814,118.2209054328825
16549,0.17816617803364596,219.4561897929434
13862,0.1779842204504511,371.9336254753076
13988,0.17787943161252154,566.601132309681
16186,0.17777515467316754,479.3760378308364
16059,0.1762811346359063,237.60229013035269
13047,0.1755922588950181,470.9401942790275
17659,0.17485509431075447,289.04071654850645
12662,0.17372791374447324,461.01481558715886
12490,0.17319024391840515,615.273928642087
14334,0.17256682786686153,401.8580977218391
17593,0.17216304483410225,558.7827080962522
14572,0.1715661728107237,353.9821903899976
13090,0.17123048020870768,841.0875433947764
14978,0.17117290358261236,328.88648175652395
16626,0.17098020505975467,455.2758312208111
17069,0.17055327821764169,351.1538500550846
17652,0.17011758443313155,544.7199077065759
13527,0.16973653658500276,313.63747493640227
17602,0.1697347352554202,362.2461746347653
14329,0.1691216190829771,589.3939161527477
15764,0.16901759021184518,554.3726253671458
15860,0.16899900911615012,145.87149471860496
17049,0.16873931315572255,547.0258549607477
15298,0.16770697256466918,563.1969094061234
14854,0.16718733472698066,458.09831277196884
15696,0.16532376293620663,332.1189073625455
13901,0.16430480996300173,471.09475112591855
14049,0.16421151503097028,532.8236712815905
16081,0.16356489804162494,423.9471305320485
15518,0.16327050197900955,261.86302730405424
13093,0.1628276854124712,1275.3429611626184
12753,0.16247252233134885,2700.4411711423395
12949,0.16218060530027487,559.4290235348741
13448,0.16108705157344866,400.19983831752864
12708,0.1606814107186206,385.4971997114714
13324,0.15940831513652745,1026.2436334353906
17870,0.15935388174833398,144.24075960332198
16775,0.15916730951749022,216.16193970951312
14903,0.1582884493281086,379.67384032738784
15059,0.15790597731686956,159.26396872179464
17585,0.15767378215380795,176.07115905551427
12476,0.15510620983361562,577.8125103068733
16327,0.15507758861479184,491.9665913456795
16638,0.15474959777112904,240.0073411671549
14426,0.1542465627532812,445.0907965496131
17218,0.15344297969113774,208.0073032693063
17504,0.15298053255703878,458.487245489422
15281,0.15249520689157242,334.23594456081065
13124,0.1520088687648872,570.9954740076088
18241,0.1519981084148609,249.87273038535812
17997,0.15159202743268507,297.49329015554713
13911,0.15158115383077878,369.4987680125213
17419,0.15144923962789392,402.8549774101978
15218,0.15139736531242115,703.3785334786305
13695,0.1510558741558293,316.75661531106624
14546,0.15038083123507182,240.92512972170854
14243,0.15034846827247178,346.6960504129063
17191,0.1497739500987253,233.87352081866052
17091,0.1481199092955142,398.7387958235242
17061,0.14795998784486453,774.1606872015356
16180,0.14769516366433247,1514.4927933435247
16550,0.1474412662516354,338.9630478745222
13983,0.14739828725954504,304.1622616915616
12481,0.14685541317985368,599.942545247129
14808,0.1460885287877916,319.1172431693398
16407,0.14599098572342978,255.12070746155078
17400,0.14473946965542445,303.64024902193563
17364,0.14402764729671108,376.97940431088455
12766,0.143735421089387,711.8051149646515
13505,0.1436408689446075,631.104831021096
16115,0.14310782304392197,184.0266428868706
14282,0.14264606215299777,394.96412273170637
16592,0.142532205090458,315.61333769795385
16609,0.14251724053556272,574.3188262550213
12417,0.1415939607640901,398.80222237127504
13184,0.14120608678410826,207.86948035488575
14221,0.14050801020643344,434.01378764655016
13334,0.13973298774888568,489.3896376526773
13999,0.13725164883697027,393.77086296380264
12712,0.13690742738155312,535.7297159382078
16701,0.1350963486661365,547.1969525642927
17126,0.1349571059923547,133.53330852413535
15854,0.13443642764450983,381.7913883247493
14239,0.13436690868107679,298.212573457695
12626,0.1332301862160502,636.0409089954237
16393,0.13292746973255315,234.2142138446667
14755,0.13284334505168086,421.37643363703063
16265,0.13212109017809306,536.6785107252176
17858,0.13203703404241984,515.9201864470109
14659,0.13129084444214478,271.5068404894666
12744,0.13092620707854796,1860.7193272141114
14709,0.13044459544590653,556.2209727651633
15379,0.13002216422440968,481.5097805506141
17730,0.12954166905779232,459.52704889877845
13552,0.12869279763551905,426.5587124028097
16255,0.1280148764981017,279.4295922712914
16771,0.12764201833502695,267.8325234925704
16656,0.127604388601601,953.2379599949959
15804,0.1270975099994902,374.975783751496
15251,0.12661905359867437,1227.6755522630988
12957,0.12636223937894725,333.68729277277356
14573,0.12635492351891314,207.19933068478414
13198,0.1261512234471967,379.61173857283535
17372,0.12561168698221362,132.59946512903417
14258,0.1254195930546318,1417.038221776591
17416,0.12408359461793529,729.4638768758642
16767,0.12390315836849077,597.270218788975
14810,0.12336938908300357,230.3035081523694
14227,0.12324459766758147,373.66529566834026
15058,0.12305342680746365,176.25065375059825
12839,0.12280149454814362,414.5839856692603
17894,0.12151307235106414,135.96826743794674
12472,0.12050945727342101,593.8224016605094
12484,0.12012388211396159,439.49124129624556
15114,0.11972190401890505,269.64724998369945
16655,0.11957436484406318,347.5070191098164
17790,0.11914306155579123,162.4527558619369
17050,0.1189869699767302,379.04965103667075
13178,0.11897152562481282,613.504035335241
13599,0.11891991387944857,337.00476554469174
14560,0.11857113843769584,185.58754588268152
14307,0.11845446462377618,354.85640876273874
13700,0.1180952832359629,193.05862617565506
16326,0.11791883071756769,201.300415106267
14217,0.11775735599333678,173.06445338272727
18225,0.1175555173203981,460.6953701579473
12569,0.1168320972918144,253.25460065752023
16782,0.1162216638999357,208.30989929104976
16722,0.11619955011508828,424.89295095982953
16553,0.11601063683077464,663.5599607574014
16458,0.11597857542962767,288.21371865715054
14401,0.11537151730075587,390.51874148098256
14092,0.11466243217145594,314.7965345321586
14099,0.1143579625999595,264.1577449688985
14587,0.1134957595494126,164.8730199822407
15955,0.11245748092653941,333.54776385330666
15291,0.1118508479307608,412.1726116418122
13869,0.11148475428060271,343.7799625373806
12437,0.11142113502127886,338.05283786591025
13209,0.1107053375540307,460.1002393015559
15738,0.11057193215244278,426.0834119528306
13842,0.10963315729442175,307.4036987325479
15382,0.10955909335422939,516.012373789085
14135,0.10895573225179239,382.9053089671191
12647,0.10875842826842459,369.9602826878519
14944,0.10873472861698673,535.2477889644034
14701,0.10864551737774843,210.92766680268213
13871,0.1081691972834657,498.9455661576053
16984,0.10688885227161847,476.6729744823281
15750,0.10655900017659535,172.1428680152845
14543,0.10651903722952435,348.4397486333586
16145,0.10651710267657884,313.36585987730757
14525,0.10568985980312294,298.0760547041496
17686,0.10559707321372852,539.6105478587419
15271,0.10544152020522886,167.92405624844338
18065,0.10542117673587383,205.48590348179792
14713,0.10539237920712895,213.90542676258096
16670,0.10488824344661404,339.8347621197261
14030,0.10477605418494107,190.35818300374277
15622,0.10373415119930107,345.18679887230627
14472,0.10296999569916307,190.76942193196845
14040,0.10149764741920578,277.5412569619214
15502,0.10123008941111529,635.3230780468418
17284,0.1010484439317531,150.46517495213763
14410,0.10024438532752172,110.29588984431233
12583,0.100096257649475,477.7604387235207
18223,0.10005037010601088,403.83731087369597
17059,0.09962628470695632,222.87396151793197
14395,0.09952021627674605,259.7855821644924
15290,0.09936136818479048,443.1387851263015
17758,0.09887144529115321,206.88652184283228
16712,0.09855723465458727,245.38878841533793
15033,0.09759522438908627,157.02583628082036
14502,0.09748790628381666,113.39988234746123
14062,0.0974762418653401,899.2641450414391
15727,0.09714288284573036,445.8265751033665
17634,0.09671427274692317,200.88231449445172
14702,0.0957119245950501,178.72670527332085
12705,0.09488933326255035,474.93439748572126
13880,0.0930088053676035,232.61688240048372
18226,0.09290779468066318,439.96950710001454
15939,0.09192259784913094,562.1076050734142
13013,0.09183556187990534,338.5141462899003
17346,0.08968395781240968,110.20185368073275
13137,0.08803446103746217,166.23723346626056
18116,0.08796388865057594,109.03563817682141
14462,0.08748170633448618,146.85554042370197
17377,0.0871222526398939,201.47717900996582
16353,0.08668356366978783,321.1981436576685
16607,0.08638421615925262,223.0388630702207
14524,0.08623795500767026,149.35810141643435
15235,0.0860286717034478,193.350299940216
15046,0.08584419031152313,338.5420164477475
16813,0.08552682948923515,107.68597574160108
15827,0.08449595640424837,155.14218059427637
13269,0.08407653276168059,280.8727914662911
13576,0.08350526067329983,446.20033977649683
12678,0.08340582094065978,724.0042286753973
14711,0.08297733930362684,195.4639097838025
15144,0.08260978642852956,330.9050649095752
15752,0.08125334112639009,170.09330671375122
16919,0.0807919265013454,209.4328714731126
14952,0.0805131350466162,541.3904483372089
17107,0.080029237651632,680.154085538443
14562,0.0795789653038215,238.67482431852753
17306,0.07828705897415415,564.1553358619086
14189,0.07761011363605788,253.6236425535463
16818,0.07753467798759159,249.80200088720244
17231,0.07699867646898703,146.74561758812487
15125,0.07692985830614459,830.4947467468177
12867,0.07691520985787172,231.9731963229468
16210,0.07675864139250349,890.939085815616
16011,0.07659648474404562,188.23892511788188
15984,0.07623964135565725,156.3453949244599
17716,0.07528756844513111,376.61175650876385
13267,0.07526762317674467,234.78530768014673
14733,0.07507469124426822,678.9905225514107
15581,0.07425838298613519,272.9567364289461
12431,0.07281332167789026,350.0187342381359
13881,0.0724410244072061,704.4295607200654
13268,0.07168817782790354,174.65964269634765
13451,0.07141800359403709,170.36764757357548
12637,0.07091498041153078,401.3007826508115
17719,0.07068082545957065,359.68765268120904
15570,0.06975718670534391,196.01629949828228
17690,0.06915351860990955,241.72819890649714
17857,0.06893991837260618,1023.035297488657
15805,0.06821802933297168,242.07167708805
13148,0.06741819608270591,186.4794045467254
18229,0.06685371695051102,370.30674941189756
15301,0.06635301655923023,295.0181186954839
16672,0.06517945860513696,477.5920542157643
15465,0.06287565457904265,403.6038567952411
18055,0.06265589636439144,307.381682297177
18172,0.0625444664526613,398.6234042680496
13742,0.06248104256542649,173.41425920906428
12731,0.06218196563972948,852.0266204904193
17365,0.06144376055374803,212.79694705058446
16700,0.06011632856518399,265.93179336751916
18283,0.05991461736702369,65.11700359300235
16945,0.05983622192498354,197.0131541368853
18198,0.05949754492582319,285.8279907500024
14961,0.05771389393039248,340.5079342167405
12709,0.05761310596608392,462.3808955035224
15021,0.05697365838699949,78.92902738301362
15249,0.05643155707510627,318.2367370759298
16928,0.05627876513162498,158.40784021598483
15150,0.05626207339721939,245.31895601316174
17975,0.05596008111391293,221.06750243645732
13001,0.0558942526855694,479.71633627158735
14415,0.05545856215745133,208.8641546980422
14051,0.05542309496488091,513.8740688191814
18069,0.055121883056590694,97.07900678277583
16168,0.053372242414989064,149.18288966383253
15838,0.0523927148039115,908.5221581830037
15356,0.04941485157267718,126.89684469011928
17017,0.0485281951819619,303.12263612899227
17530,0.04771874150813512,84.0236372349394
17613,0.047680960851357444,179.59176947546337
17340,0.04714967992151498,398.862717296056
14060,0.04703525913016073,241.55427678885349
16710,0.04649510099773161,96.93205665805091
12474,0.04622420143526244,201.63274011270087
16705,0.04530803167838018,460.364489036735
12428,0.0444902066175801,335.8174183742887
12683,0.04343251510686804,287.61836721555045
16333,0.04264178168546444,666.0475732142804
16187,0.04260519692930697,267.65394209732295
15998,0.04230747692022503,105.93622990916667
13097,0.042301822333000144,231.47895595196343
14688,0.04190503073429553,175.4333159175915
17068,0.04003584092283843,153.2047521010166
17799,0.03838203979490217,96.530446263781
13199,0.03803683154538897,180.30066741819098
13969,0.03745125703638532,145.43184486140257
13458,0.036661903282214595,281.5054914002222
14057,0.03495674421865152,179.58118466982532
15023,0.034773779529917496,174.84152026303929
14800,0.03455103016581882,136.11551088975153
15044,0.03430431380916639,188.69190723673398
13854,0.034159506751597755,231.30631763749898
14031,0.0338447898930471,379.7097745285794
16523,0.03340120184558651,226.5072442076788
13078,0.03208607840431664,269.92894748807436
16814,0.03205419068106206,182.32391605197415
16686,0.0317971104988655,76.31115737064727
14085,0.03128050538916239,100.75263102816871
12901,0.030741984201490186,404.54207044314376
15194,0.030500965185887675,167.39600715249247
15601,0.030396396194952782,176.81644459396423
17920,0.030323772680764145,77.501498217497
17238,0.030250665809087095,66.78984002656722
17954,0.030243216441334493,57.0148140673682
14088,0.03023595189835101,771.2553350684287
17139,0.03016536262525701,252.46477934132102
13050,0.02907115048647932,131.10333019489525
17243,0.02808093039628138,128.64042700118878
16241,0.02765529444072594,49.18300529222023
17338,0.027311848122941847,141.03619875902186
17965,0.02669038214148646,60.09099325716403
16779,0.02658111372943222,193.1989772973576
16729,0.026176975126907746,149.1490747200848
13534,0.02597729493283263,113.56052411772582
13004,0.025882662972310573,106.77374955967281
14849,0.025135454106460026,145.3967883424412
15867,0.02464452791062716,72.6375280090616
18109,0.02463627818086315,126.58711000003827
15719,0.02459055166093493,99.88608313016786
15640,0.024006548981495013,224.7253050157748
16843,0.023894772764438695,210.49478802740393
12567,0.02388967104830704,187.5334399357893
16161,0.02371246335176504,91.87607337811531
16745,0.023380170842075956,167.88599276569482
16558,0.022859820521520746,116.61503102463901
17337,0.022825828343236383,45.21933549765187
14194,0.022716510869552006,158.46947116556
17404,0.02191591570772597,550.4922987946298
17220,0.021904888112946583,57.171977023671715
13113,0.021517348503339914,232.10892934643783
13488,0.021429882104761454,157.87801314337753
16746,0.021398851137356855,113.50592608788197
13102,0.020786471388642917,110.01946722466478
17706,0.020610711430609475,165.45248600921755
14367,0.02046000489372924,141.50630424620593
16923,0.020296994397306364,96.69366348910368
14180,0.019869832048951555,84.62402510992077
17576,0.019651546537043377,53.639878850186754
12841,0.019534598328627552,59.49808889736723
12720,0.0194329679549265,74.39561988120423
15615,0.019179867091839983,141.31438375261322
14505,0.01891370906661151,79.86767582394307
15555,0.018662543605886553,59.026452793006165
14456,0.018201002706426713,33.14074974791588
14534,0.017737501817551852,53.7692856347085
13418,0.017590583376155967,89.15136332619734
14895,0.017566270997466035,140.08732228788216
13668,0.01756145411290116,86.06815976370521
13230,0.017484146521586513,38.38172296858236
17865,0.016847096996841178,143.45437869586237
15078,0.014969569152835475,113.47157961386584
12540,0.014802589902186062,155.36783558744588
17850,0.014727419542152736,79.39861150984926
13319,0.014464692610119312,106.90087679430847
15547,0.01410237215775129,52.16721303851041
18041,0.014011005852555297,43.8863934118419
16713,0.013890468898580664,63.73947244429507
14735,0.013538380151337825,58.85472311290336
12471,0.013356688832455775,156.8711047318733
14680,0.012911864576667093,356.1932812628725
15529,0.01268712948406875,40.579403040909376
13098,0.012378969362139867,214.77214748047976
15513,0.012346709066740605,140.1615698649087
16525,0.012301602844363527,141.4825795534516
17757,0.01125886556166446,39.065336193929646
17381,0.009590358064867166,175.13576235528149
12681,0.009376903923289123,99.93079033896298
14159,0.009358867507190111,29.197139728206206
13777,0.009315760928073737,121.30518092491216
16904,0.009217902645009513,27.179446843942802
17581,0.009040557857892446,75.5634235268867
14056,0.008682091024011145,48.51578510490499
12682,0.00840888525771459,73.9915472485348
17611,0.008095913204477022,24.2360876871865
12621,0.008073195474168758,90.90934788424369
17389,0.00769113034145078,104.56507020240772
13069,0.0074926010555598,28.996515937037536
17735,0.007356580867064202,81.59360397601716
17677,0.007013345172985222,89.09178613456241
16133,0.0069245781804492725,81.47507159163877
15159,0.0068064946103269415,65.09629347897533
15769,0.006703697931354805,289.04146667080437
14796,0.006478166325147617,42.63397865573499
15856,0.006264560782689754,70.46334116443957
16839,0.006251609261723059,78.94494666048308
17675,0.005983888983975362,84.2183904993762
16684,0.005832390619855546,197.6218075678754
15358,0.005823517346866278,39.22057403871582
13018,0.005592528548730702,31.75532782954621
16931,0.005524920845209496,17.425434598165392
13081,0.004755599879566252,89.73874039940073
14667,0.004307602737367808,30.47973544906714
15189,0.0038852022294257062,49.09252177451046
13468,0.0036791245536211964,17.862664785268418
15005,0.003593255325926544,17.72854685726942
13767,0.0028715342913180897,38.20108314509234
17428,0.0026348077908652043,38.86702460193525
15498,0.0025840171994024903,26.31446835097523
17811,0.002555478177461737,13.273945851971277
12921,0.0023483289132965163,26.761509329348833
18118,0.0021682915180481553,9.576432952781122
16013,0.002004442469121785,46.92267527011137
17961,0.0018079153490631666,2.2899778977373697
16033,0.0018019634514268986,12.287696893087109
14096,0.0017173028520504358,15.948076396136784
13263,0.001617055290053295,8.297272398792463
17315,0.0015764545506799829,7.782782706706501
14769,0.00043467190016466815,4.379323740878033
17949,0.00030403824760590986,14.657440686482829
14527,0.0002304252039286372,1.3447499688673301
16422,0.0002275210357819717,6.977050873192769
13798,0.00011651724787270418,3.5446294561594702
15061,9.825032708312793e-05,3.985795689029834
13408,9.42683296733054e-05,1.921337502702848
15039,5.651944078105942e-05,1.0543809064644118
12971,4.431371127155081e-05,0.3834819946017464
12415,4.034207837290128e-05,4.118437255883341
17511,1.7284029070457246e-05,1.1131846330541364
16029,1.4335380726385774e-05,0.7939756697126136
13694,6.128162501250448e-06,0.3157661968916819
14298,9.143158566489096e-08,0.004044701113587187
14606,3.8187185823522865e-08,0.00037937556189794494
15311,2.105039187420146e-08,0.0010175517352482432
13089,5.250037026391642e-09,0.00023932509036324383
14156,2.659103024274083e-09,0.00026242365995094986
17450,2.0461327762258232e-10,3.2309046284173067e-05
17841,5.922079288757119e-11,1.5299478647649622e-06
18102,1.9229357357436338e-11,3.46434967619489e-06
14646,5.020276902131252e-12,1.0196515734614874e-06
12748,3.51414788454602e-14,6.285679009834006e-10
14911,1.0458244407313495e-17,9.96112953842734e-13
