Product,Avg_Daily_Demand,Forecasted_Demand,Total_Sold
"PAPER CRAFT , LITTLE BIRDIE",80995.0,,80995
MEDIUM CERAMIC TOP STORAGE JAR,624.264,29.571428571428573,78033
WORLD WAR 2 GLIDERS ASSTD DESIGNS,233.8340425531915,195.28571428571428,54951
JUMBO BAG RED RETROSPOT,161.23666666666668,136.57142857142858,48371
WHITE HANGING HEART T-LIGHT HOLDER,124.57894736842105,111.14285714285714,37872
